,dt,f1,f5,f2,f4,agg,f3,cd_f1,cd_f5,cd_f2,cd_f4,cd_agg,cd_f3,Size,cd_coper,sz_anal,cd_anal,sz_dist,cd_dist,sz_logg,cd_logg
0,20211214,2147,3010,1086,426,,23375,2453886,2652343,1313471,446203,,25751292,2655189,-15674,1931096,1037,2932359,19192,1744937,17338
1,20211215,1937,2675,1075,372,,20596,2455823,2655018,1314546,446575,,25771888,2660503,5314,1933663,2567,2953101,20742,1752366,7429
2,20211216,1888,2767,998,388,,22040,2457711,2657785,1315544,446963,,25793928,2662213,1710,1935328,1665,2974191,21090,1757738,5372
3,20211217,1445,2209,893,330,,18179,2459156,2659994,1316437,447293,,25812107,2663908,1695,1937038,1710,2988452,14261,1758035,297
4,20211218,611,821,432,84,,6078,2459767,2660815,1316869,447377,,25818185,2657027,-6881,1938254,1216,2991049,2597,1749164,-8871
5,20211219,545,761,425,46,,5089,2460312,2661576,1317294,447423,,25823274,2658165,1138,1938836,582,2972162,-18887,1734259,-14905
6,20211220,1797,2793,1014,371,,22691,2462109,2664369,1318308,447794,,25845965,2668244,10079,1941411,2575,2950650,-21512,1779352,45093
7,20211221,2084,3288,1111,425,,23114,2464193,2667657,1319419,448219,,25869079,2662697,-5547,1941560,149,2955271,4621,1832943,53591
8,20211222,1725,2870,1072,403,,21548,2465918,2670527,1320491,448622,,25890627,2664409,1712,1943685,2125,2976063,20792,1834953,2010
9,20211223,1884,2954,1061,412,,36558,2467802,2673481,1321552,449034,,25927185,2669459,5050,1945233,1548,3031990,55927,1839958,5005
10,20211224,1631,2623,1002,429,,43335,2469433,2676104,1322554,449463,,25970520,2671679,2220,1947164,1931,3073147,41157,1842108,2150
11,20211225,674,929,460,67,,7087,2470107,2677033,1323014,449530,,25977607,2671508,-171,1947968,804,3076321,3174,1835564,-6544
12,20211226,617,930,465,87,,5560,2470724,2677963,1323479,449617,,25983167,2672604,1096,1948637,669,3051015,-25306,1807220,-28344
13,20211227,1856,2868,1094,364,,40654,2472580,2680831,1324573,449981,,26023821,2682241,9637,1950212,1575,3070855,19840,1845661,38441
14,20211228,2258,3359,1090,362,,37451,2474838,2684190,1325663,450343,,26061272,2680424,-1817,1950310,98,3100299,29444,1848510,2849
15,20211229,1976,2986,1066,351,,65631,2476814,2687176,1326729,450694,,26126903,2693422,12998,1954325,4015,3114792,14493,1848704,194
16,20211230,1750,3105,1131,334,,21809,2478564,2690281,1327860,451028,,26148712,2687290,-6132,1954359,34,3137766,22974,1839394,-9310
17,20220101,1242,2100,840,375,,19372,2479806,2692381,1328700,451403,,26168084,2717364,30074,1956271,1912,3148480,10714,1841642,2248
18,20220102,16,19,15,,,7430,2479822,2692400,1328715,,,26175514,2694516,-22848,1962150,5879,3152213,3733,1838210,-3432
19,20220103,624,895,457,76,,6241,2480446,2693295,1329172,451479,,26181755,2708069,13553,1962724,574,3129958,-22255,1821682,-16528
20,20220104,2077,3037,1043,401,,40939,2482523,2696332,1330215,451880,,26222694,2707558,-511,1965222,2498,3115477,-14481,1874799,53117
21,20220105,2389,3373,1177,421,,25230,2484912,2699705,1331392,452301,,26247924,2697648,-9910,1965256,34,3115686,209,1876782,1983
22,20220106,1796,3136,1082,432,,30670,2486708,2702841,1332474,452733,,26278594,2699374,1726,1966253,997,3135939,20253,1876836,54
23,20220107,2169,2931,1078,404,,24285,2488877,2705772,1333552,453137,,26302879,2705508,6134,1968327,2074,3161990,26051,1887172,10336
24,20220108,1687,2730,1043,361,,20302,2490564,2708502,1334595,453498,,26323181,2705552,44,1970563,2236,3165769,3779,1892520,5348
25,20220109,565,846,418,68,,5746,2491129,2709348,1335013,453566,,26328927,2281253,-424299,1971414,851,3167593,1824,1894356,1836
26,20220110,459,626,387,38,,3866,2491588,2709974,1335400,453604,,26332793,2285436,4183,1972086,672,3146593,-21000,1857385,-36971
27,20220111,1797,2871,1045,394,,22558,2493385,2712845,1336445,453998,,26355351,2292724,7288,1974210,2124,3127680,-18913,1905512,48127
28,20220112,1756,2943,1071,408,,22788,2495141,2715788,1337516,454406,,26378139,2289112,-3612,1975576,1366,3129175,1495,1914168,8656
29,20220113,2315,3342,1113,384,,21955,2497456,2719130,1338629,454790,,26400094,2291692,2580,1978314,2738,3149281,20106,1916332,2164
30,20220114,1949,3056,1061,407,,22783,2499405,2722186,1339690,455197,,26422877,2298071,6379,1980566,2252,3169997,20716,1922588,6256
31,20220115,1773,2841,1001,348,,21637,2501178,2725027,1340691,455545,,26444514,2302524,4453,1982894,2328,3173147,3150,1924658,2070
32,20220116,612,829,409,80,,6327,2501790,2725856,1341100,455625,,26450841,2295484,-7040,1983779,885,3168993,-4154,1920260,-4398
33,20220117,222,265,182,15,,2986,2502012,2726121,1341282,455640,,26453827,2330470,34986,2086526,102747,3148033,-20960,1894286,-25974
34,20220118,1748,2878,1030,375,,22096,2503760,2728999,1342312,456015,,26475923,2311733,-18737,2226597,140071,3124967,-23066,1943407,49121
35,20220119,1943,3024,1046,365,,21007,2505703,2732023,1343358,456380,,26496930,2290848,-20885,1951830,-274767,3125226,259,1953931,10524
36,20220120,1896,3213,1113,433,,23280,2507599,2735236,1344471,456813,,26520210,2291344,496,1954657,2827,3143370,18144,1959912,5981
37,20220121,2029,3149,1128,404,,24847,2509628,2738385,1345599,457217,,26545057,2298163,6819,1956460,1803,3164623,21253,1971233,11321
38,20220122,1912,3002,1083,418,,22703,2511540,2741387,1346682,457635,,26567760,2299788,1625,1958901,2441,3168456,3833,2006509,35276
39,20220123,645,855,460,84,,6016,2512185,2742242,1347142,457719,,26573776,2300451,663,1959845,944,3168275,-181,2022769,16260
40,20220124,652,926,439,86,,5888,2512837,2743168,1347581,457805,,26579664,2311675,11224,1960482,637,3147095,-21180,2028486,5717
41,20220125,2026,3056,1153,356,,22737,2514863,2746224,1348734,458161,,26602401,2311928,253,1963158,2676,3128062,-19033,2080273,51787
42,20220126,1936,3136,1109,420,,23042,2516799,2749360,1349843,458581,,26625443,2306983,-4945,1964329,1171,3128399,337,2089379,9106
43,20220127,1972,3509,1136,398,,22759,2518771,2752869,1350979,458979,,26648202,2307483,500,1966583,2254,3148354,19955,2091448,2069
44,20220128,2036,3345,1093,385,,23705,2520807,2756214,1352072,459364,,26671907,2321961,14478,1968199,1616,3169538,21184,2093726,2278
45,20220129,1554,2396,1015,386,,22268,2522361,2758610,1353087,459750,,26694175,2318607,-3354,1969855,1656,3172856,3318,2096056,2330
46,20220130,619,1071,467,82,,7081,2522980,2759681,1353554,459832,,26701256,2316271,-2336,1973770,3915,3172202,-654,2093998,-2058
47,20220131,593,844,443,82,,3664,2523573,2760525,1353997,459914,,26704920,2318621,2350,1974448,678,3153170,-19032,2081257,-12741
48,20220201,1984,2866,1036,353,,22249,2525557,2763391,1355033,460267,,26727169,2351804,33183,1976628,2180,3147430,-5740,2121246,39989
49,20220202,2048,3124,1119,384,,30025,2527605,2766515,1356152,460651,,26757194,2330967,-20837,1979136,2508,3174573,27143,2136497,15251
50,20220203,1816,2975,1141,375,,23530,2529421,2769490,1357293,461026,,26780724,2334519,3552,1980238,1102,3193040,18467,2138564,2067
51,20220204,1757,3136,1084,393,,23204,2531178,2772626,1358377,461419,,26803928,2331817,-2702,1982475,2237,3208664,15624,2142352,3788
52,20220205,1806,2734,1012,338,,18171,2532984,2775360,1359389,461757,,26822099,2336412,4595,1984420,1945,3212887,4223,2150000,7648
53,20220206,567,830,433,82,,19502,2533551,2776190,1359822,461839,,26841601,2337812,1400,1985596,1176,3216825,3938,2151987,1987
54,20220207,739,878,465,72,,3869,2534290,2777068,1360287,461911,,26845470,2339099,1287,1986220,624,3193158,-23667,2147289,-4698
55,20220208,1861,2888,1060,388,,25794,2536151,2779956,1361347,462299,,26871264,2347169,8070,1988720,2500,3180883,-12275,2193696,46407
56,20220209,2066,3134,1139,398,,23403,2538217,2783090,1362486,462697,,26894667,2343260,-3909,1988981,261,3185429,4546,2203696,10000
57,20220210,2018,3188,1067,375,,22037,2540235,2786278,1363553,463072,,26916704,2346307,3047,1991168,2187,3204321,18892,2204022,326
58,20220211,2030,3273,1141,392,,36334,2542265,2789551,1364694,463464,,26953038,2347018,711,1992756,1588,3224494,20173,2211094,7072
59,20220212,1656,2665,960,389,,21164,2543921,2792216,1365654,463853,,26974202,2347705,687,1994534,1778,3227984,3490,2213227,2133
60,20220213,671,835,445,68,,6627,2544592,2793051,1366099,463921,,26980829,2347582,-123,1995325,791,3229938,1954,2207206,-6021
61,20220214,556,757,428,52,,6131,2545148,2793808,1366527,463973,,26986960,2361867,14285,1996070,745,3207575,-22363,2183368,-23838
62,20220215,1974,2978,1085,384,,22575,2547122,2796786,1367612,464357,,27009535,2361355,-512,1998275,2205,3189907,-17668,2219816,36448
63,20220216,2017,3348,1210,463,,25032,2549139,2800134,1368822,464820,,27034567,2353896,-7459,1998514,239,3198653,8746,2237934,18118
64,20220217,2161,3262,1149,392,,22403,2551300,2803396,1369971,465212,,27056970,2357707,3811,2000775,2261,3218660,20007,2251597,13663
65,20220218,2139,3274,1185,448,,25258,2553439,2806670,1371156,465660,,27082228,2364687,6980,2002400,1625,3242949,24289,2268628,17031
66,20220219,1679,3022,1019,424,,24341,2555118,2809692,1372175,466084,,27106569,2366237,1550,2004375,1975,3246646,3697,2270396,1768
67,20220220,658,989,449,96,,7448,2555776,2810681,1372624,466180,,27114017,2365379,-858,2005108,733,3249443,2797,2267259,-3137
68,20220221,608,886,449,65,,6052,2556384,2811567,1373073,466245,,27120069,2376893,11514,2005795,687,3228733,-20710,2225045,-42214
69,20220222,2292,3221,1193,435,,24639,2558676,2814788,1374266,466680,,27144708,2377763,870,2007944,2149,3209826,-18907,2247941,22896
70,20220223,2009,3240,1134,387,,22157,2560685,2818028,1375400,467067,,27166865,2371415,-6348,2008169,225,3190626,-19200,2249984,2043
71,20220224,1818,3254,1118,406,,22153,2562503,2821282,1376518,467473,,27189018,2372950,1535,2010221,2052,3174559,-16067,2264479,14495
72,20220225,1958,3070,1118,407,,23644,2564461,2824352,1377636,467880,,27212662,2380990,8040,2011904,1683,3196323,21764,2266319,1840
73,20220226,1683,2642,991,383,,18534,2566144,2826994,1378627,468263,,27231196,2381789,799,2013950,2046,3200086,3763,2268108,1789
74,20220227,578,720,402,82,,11386,2566722,2827714,1379029,468345,,27242582,2374769,-7020,2014703,753,3169504,-30582,2264920,-3188
75,20220228,614,744,409,44,,5365,2567336,2828458,1379438,468389,,27247947,2383831,9062,2015312,609,3123715,-45789,2217142,-47778
76,20220228,706,1001,488,91,,8754,2568042,2829459,1379926,468480,,27256701,2387751,3920,2017522,2210,3106886,-16829,2211743,-5399
77,20220228,2089,2909,1039,367,,21404,2570131,2832368,1380965,468847,,27278105,2398528,10777,2020115,2593,3091469,-15417,2212799,1056
78,20220228,2165,3300,1087,417,,23241,2572296,2835668,1382052,469264,,27301346,2395285,-3243,2022744,2629,3115768,24299,2214900,2101
79,20220301,2225,3253,1170,427,,24946,2574521,2838921,1383222,469691,,27326292,2425779,30494,2022764,20,3137933,22165,2216892,1992
80,20220302,1962,2990,1051,425,,25418,2576483,2841911,1384273,470116,,27351710,2425237,-542,2028588,5824,3138231,298,2217447,555
81,20220303,819,1015,465,108,,12249,2577302,2842926,1384738,470224,,27363959,2392486,-32751,2033018,4430,3140213,1982,2214882,-2565
82,20220304,708,954,467,76,,4045,2578010,2843880,1385205,470300,,27368004,2395354,2868,2033749,731,3119172,-21041,2168452,-46430
83,20220305,1931,3102,1164,412,,31628,2579941,2846982,1386369,470712,,27399632,2408157,12803,2036360,2611,3095192,-23980,2208229,39777
84,20220306,1815,3359,1130,397,,32095,2581756,2850341,1387499,471109,,27431727,2403952,-4205,2036393,33,3112275,17083,2212019,3790
85,20220307,1983,3389,1175,453,,23631,2583739,2853730,1388674,471562,,27455358,2406126,2174,2038883,2490,3133790,21515,2214005,1986
86,20220308,1812,3272,1121,437,,20690,2585551,2857002,1389795,471999,,27476048,2412046,5920,2040533,1650,3158167,24377,2215720,1715
87,20220309,1845,2853,994,362,,24177,2587396,2859855,1390789,472361,,27500225,2412330,284,2042443,1910,3161848,3681,2214811,-909
88,20220310,699,1066,487,113,,9633,2588095,2860921,1391276,472474,,27509858,2410219,-2111,2044092,1649,3161565,-283,2208637,-6174
89,20220311,728,912,430,86,,3937,2588823,2861833,1391706,472560,,27513795,2412756,2537,2044733,641,3142729,-18836,2160855,-47782
90,20220312,2250,3211,1085,395,,23413,2591073,2865044,1392791,472955,,27537208,2421824,9068,2047378,2645,3126083,-16646,2190366,29511
91,20220313,2275,3102,1181,393,,24261,2593348,2868146,1393972,473348,,27561469,2420328,-1496,2047985,607,3131530,5447,2192960,2594
92,20220314,2280,3519,1260,465,,25663,2595628,2871665,1395232,473813,,27587132,2420798,470,2050527,2542,3151328,19798,2195179,2219
93,20220315,2314,3363,1155,425,,22526,2597942,2875028,1396387,474238,,27609658,2430243,9445,2052409,1882,3174026,22698,2179379,-15800
94,20220316,2014,3111,1004,421,,24460,2599956,2878139,1397391,474659,,27634118,2432561,2318,2054922,2513,3177684,3658,2178204,-1175
95,20220317,612,996,441,82,,9664,2600568,2879135,1397832,474741,,27643782,2425255,-7306,2055780,858,3179885,2201,2174619,-3585
96,20220318,583,859,433,72,,5614,2601151,2879994,1398265,474813,,27649396,2428180,2925,2056488,708,3161588,-18297,2125970,-48649
97,20220319,790,1312,519,156,,13136,2601941,2881306,1398784,474969,,27662532,2434781,6601,2057646,1158,3142248,-19340,2109264,-16706
98,20220320,2297,3684,1195,468,,23080,2604238,2884990,1399979,475437,,27685612,2434555,-226,2058306,660,3125852,-16396,2130276,21012
99,20220321,2203,3591,1243,498,,31090,2606441,2888581,1401222,475935,,27716702,2437069,2514,2061116,2810,3151300,25448,2134896,4620
100,20220322,2128,3488,1183,492,,28489,2608569,2892069,1402405,476427,,27745191,2442333,5264,2063190,2074,3174158,22858,2141439,6543
101,20220323,1755,3016,1031,393,,19468,2610324,2895085,1403436,476820,,27764659,2444033,1700,2065853,2663,3179147,4989,2143453,2014
102,20220324,687,1082,478,105,,12735,2611011,2896167,1403914,476925,,27777394,2441440,-2593,2066776,923,3179930,783,2135038,-8415
103,20220325,750,979,494,112,,6872,2611761,2897146,1404408,477037,,27784266,2444333,2893,2067511,735,3160943,-18987,2084629,-50409
104,20220326,2295,3541,1200,426,,25470,2614056,2900687,1405608,477463,,27809736,2455353,11020,2070266,2755,3145047,-15896,2106596,21967
105,20220327,2304,3927,1315,508,,24964,2616360,2904614,1406923,477971,,27834700,2449280,-6073,2070500,234,3152758,7711,2112754,6158
106,20220328,2181,3692,1220,522,,27593,2618541,2908306,1408143,478493,,27862293,2453066,3786,2073524,3024,3176266,23508,2118478,5724
107,20220329,2275,3500,1253,506,,27865,2620816,2911806,1409396,478999,,27890158,2471534,18468,2077365,3841,3200899,24633,2121081,2603
108,20220330,1798,3300,1144,524,,26069,2622614,2915106,1410540,479523,,27916227,2466935,-4599,2079939,2574,3208407,7508,2124479,3398
109,20220401,660,976,425,84,,9064,2623274,2916082,1410965,479607,,27925291,2465441,-1494,2080801,862,3208646,239,2126491,2012
110,20220402,673,890,438,72,,7526,2623947,2916972,1411403,479679,,27932817,2468427,2986,2081685,884,3182342,-26304,2080012,-46479
111,20220403,2053,3404,1283,444,,25745,2626000,2920376,1412686,480123,,27958562,2504418,35991,2085011,3326,3169146,-13196,2116916,36904
112,20220404,2159,3421,1212,504,,32997,2628159,2923797,1413898,480627,,27991559,2479489,-24929,2085210,199,3184326,15180,2122131,5215
113,20220405,2472,3628,1226,496,,27585,2630631,2927425,1415124,481123,,28019144,2481295,1806,2088084,2874,3198031,13705,2125315,3184
114,20220406,2110,3503,1232,481,,37552,2632741,2930928,1416356,481604,,28056696,2481986,691,2089520,1436,3233548,35517,2127346,2031
115,20220407,1961,3142,1121,448,,25665,2634702,2934070,1417477,482052,,28082361,2483215,1229,2092066,2546,3237784,4236,2122986,-4360
116,20220408,528,824,410,58,,12107,2635230,2934894,1417887,482110,,28094468,2481886,-1329,2092960,894,3231217,-6567,2120900,-2086
117,20220409,809,1188,509,127,,5188,2636039,2936082,1418396,482237,,28099656,2484940,3054,2093782,822,3210204,-21013,2071017,-49883
118,20220410,2421,3917,1291,544,,27163,2638460,2939999,1419687,482781,,28126819,2495902,10962,2096561,2779,3198736,-11468,2129686,58669
119,20220411,2418,3608,1252,392,,25996,2640878,2943607,1420939,483173,,28152815,2488923,-6979,2097123,562,3203461,4725,2136223,6537
120,20220412,2365,3890,1296,481,,27438,2643243,2947497,1422235,483654,,28180253,2491170,2247,2099830,2707,3223752,20291,2142146,5923
121,20220413,2326,3927,1299,506,,26169,2645569,2951424,1423534,484160,,28206422,2499022,7852,2102115,2285,3246958,23206,2144303,2157
122,20220414,1959,3344,1144,443,,24672,2647528,2954768,1424678,484603,,28231094,2498661,-361,2104602,2487,3250587,3629,2141180,-3123
123,20220415,706,1313,479,125,,10791,2648234,2956081,1425157,484728,,28241885,2498971,310,2105522,920,3251469,882,2138581,-2599
124,20220416,722,1151,502,113,,8506,2648956,2957232,1425659,484841,,28250391,2502121,3150,2106320,798,3231056,-20413,2091926,-46655
125,20220417,2235,3731,1275,539,,28105,2651191,2960963,1426934,485380,,28278496,2512878,10757,2109220,2900,3220416,-10640,2153644,61718
126,20220418,2456,3745,1290,515,,28794,2653647,2964708,1428224,485895,,28307290,2513783,905,2109259,39,3225102,4686,2213422,59778
127,20220419,2391,3722,1224,456,,27006,2656038,2968430,1429448,486351,,28334296,2513227,-556,2111518,2259,3244600,19498,2219729,6307
128,20220420,2396,3614,1228,521,,26842,2658434,2972044,1430676,486872,,28361138,2516214,2987,2113491,1973,3267685,23085,2221672,1943
129,20220421,1944,3349,1129,467,,27302,2660378,2975393,1431805,487339,,28388440,2518628,2414,2116008,2517,3269144,1459,2221869,197
130,20220422,771,1170,501,119,,11335,2661149,2976563,1432306,487458,,28399775,2521159,2531,2116533,525,3275407,6263,2222119,250
131,20220423,703,1112,475,115,,9213,2661852,2977675,1432781,487573,,28408988,2523796,2637,2117396,863,3257808,-17599,2173049,-49070
132,20220424,2262,3406,1241,458,,25009,2664114,2981081,1434022,488031,,28433997,2530264,6468,2120188,2792,3241977,-15831,2230645,57596
133,20220425,2202,3414,1144,439,,26951,2666316,2984495,1435166,488470,,28460948,2524765,-5499,2120230,42,3249826,7849,2235241,4596
134,20220426,2285,3358,1232,526,,27851,2668601,2987853,1436398,488996,,28488799,2527490,2725,2121526,1296,3273195,23369,2237223,1982
135,20220427,2042,3232,1192,485,,24528,2670643,2991085,1437590,489481,,28513327,2533437,5947,2123588,2062,3297799,24604,2238500,1277
136,20220428,1894,3136,1070,418,,24571,2672537,2994221,1438660,489899,,28537898,2541856,8419,2126231,2643,3318995,21196,2238928,428
137,20220429,657,972,470,96,,6835,2673194,2995193,1439130,489995,,28544733,2535255,-6601,2128139,1908,3321319,2324,2239168,240
138,20220430,755,990,507,100,,5538,2673949,2996183,1439637,490095,,28550271,2542813,7558,2129323,1184,3301523,-19796,2195519,-43649
139,20220430,2054,3327,1244,466,,23423,2676003,2999510,1440881,490561,,28573694,2540532,-2281,2132030,2707,3287154,-14369,2254544,59025
140,20220501,2397,3496,1231,476,,28988,2678400,3003006,1442112,491037,,28602682,2579096,38564,2133761,1731,3294028,6874,2265712,11168
141,20220502,2373,3659,1326,462,,28825,2680773,3006665,1443438,491499,,28631507,2578637,-459,2137059,3298,3315739,21711,2270351,4639
142,20220503,1996,3196,1182,356,,14531,2682769,3009861,1444620,491855,,28646038,2566726,-11911,2137531,472,3322105,6366,2283247,12896
143,20220504,2085,3210,1168,542,,30666,2684854,3013071,1445788,492397,,28676704,2565171,-1555,2140146,2615,3335916,13811,2287456,4209
144,20220505,640,1021,516,118,,8177,2685494,3014092,1446304,492515,,28684881,2548736,-16435,2143952,3806,3335973,57,2289279,1823
145,20220506,661,910,468,104,,13270,2686155,3015002,1446772,492619,,28698151,2551763,3027,2144171,219,3309473,-26500,2242854,-46425
146,20220507,2081,3603,1263,457,,25830,2688236,3018605,1448035,493076,,28723981,2559566,7803,2147497,3326,3302774,-6699,2302397,59543
147,20220508,2323,4047,1298,518,,28815,2690559,3022652,1449333,493594,,28752796,2559089,-477,2150061,2564,3310738,7964,2348321,45924
148,20220509,2330,3824,1270,511,,27531,2692889,3026476,1450603,494105,,28780327,2559124,35,2153283,3222,3334905,24167,2351913,3592
149,20220510,2301,3799,1294,557,,28353,2695190,3030275,1451897,494662,,28808680,2566159,7035,2153326,43,3365455,30550,2354760,2847
150,20220511,2413,3258,1145,502,,26178,2697603,3033533,1453042,495164,,28834858,2567427,1268,2152896,-430,3372548,7093,2356733,1973
151,20220512,627,804,469,99,,6402,2698230,3034337,1453511,495263,,28841260,2569824,2397,2154177,1281,3373282,734,2355343,-1390
152,20220513,758,913,486,117,,6726,2698988,3035250,1453997,495380,,28847986,2572687,2863,2155204,1027,3352025,-21257,2312763,-42580
153,20220514,2320,3846,1376,526,,29488,2701308,3039096,1455373,495906,,28877474,2580635,7948,2158282,3078,3347780,-4245,2372897,60134
154,20220515,2257,3715,1326,518,,29196,2703565,3042811,1456699,496424,,28906670,2580092,-543,2159437,1155,3359919,12139,2381908,9011
155,20220516,2202,3645,1309,530,,28093,2705767,3046456,1458008,496954,,28934763,2582148,2056,2162384,2947,3385828,25909,2384091,2183
156,20220517,2418,3704,1227,493,,26090,2708185,3050160,1459235,497447,,28960853,2589173,7025,2164251,1867,3413794,27966,2385722,1631
157,20220518,1959,3228,1177,497,,25736,2710144,3053388,1460412,497944,,28986589,2588636,-537,2166456,2205,3434379,20585,2386480,758
158,20220519,800,1037,458,101,,5207,2710944,3054425,1460870,498045,,28991796,2588999,363,2167239,783,3434943,564,2382725,-3755
159,20220520,725,991,491,104,,6705,2711669,3055416,1461361,498149,,28998501,2592131,3132,2168032,793,3412719,-22224,2329683,-53042
160,20220521,2062,3201,1183,471,,29924,2713731,3058617,1462544,498620,,29028425,2600363,8232,2170135,2103,3398759,-13960,2385595,55912
161,20220522,2181,3691,1244,529,,28887,2715912,3062308,1463788,499149,,29057312,2600738,375,2170182,47,3414048,15289,2390618,5023
162,20220523,2528,3914,1330,557,,28299,2718440,3066222,1465118,499706,,29085611,2600800,62,2172365,2183,3439356,25308,2394276,3658
163,20220524,2495,3752,1319,588,,28125,2720935,3069974,1466437,500294,,29113736,2608488,7688,2173904,1539,3469301,29945,2395934,1658
164,20220525,1799,2917,1025,390,,22683,2722734,3072891,1467462,500684,,29136419,2609411,923,2175853,1949,3469835,534,2397182,1248
165,20220526,706,955,463,78,,12670,2723440,3073846,1467925,500762,,29149089,2607700,-1711,2176678,825,3472302,2467,2393142,-4040
166,20220527,233,302,185,31,,1463,2723673,3074148,1468110,500793,,29150552,2610016,2316,2177177,499,3451870,-20432,2342831,-50311
167,20220528,2296,3566,1204,529,,30921,2725969,3077714,1469314,501322,,29181473,2621022,11006,2179618,2441,3434556,-17314,2393660,50829
168,20220529,2564,3625,1205,529,,24446,2728533,3081339,1470519,501851,,29205919,2622401,1379,2179740,122,3443207,8651,2395241,1581
169,20220530,2364,3362,1195,555,,29489,2730897,3084701,1471714,502406,,29235408,2622940,539,2181679,1939,3471876,28669,2396457,1216
170,20220601,2056,3253,1084,482,,27468,2732953,3087954,1472798,502888,,29262876,2657762,34822,2185138,3459,3495379,23503,2395115,-1342
171,20220602,1929,3041,1035,511,,25656,2734882,3090995,1473833,503399,,29288532,2660294,2532,2190667,5529,3500379,5000,2387371,-7744
172,20220603,579,871,444,95,,12974,2735461,3091866,1474277,503494,,29301506,2620499,-39795,2192890,2223,3507638,7259,2380174,-7197
173,20220604,535,686,439,74,,7032,2735996,3092552,1474716,503568,,29308538,2623362,2863,2193418,528,3480284,-27354,2328508,-51666
174,20220605,1906,3284,1164,477,,25114,2737902,3095836,1475880,504045,,29333652,2635393,12031,2194434,1016,3456398,-23886,2378766,50258
175,20220606,2547,3455,1295,454,,31367,2740449,3099291,1477175,504499,,29365019,2629584,-5809,2195553,1119,3462387,5989,2380200,1434
176,20220607,2412,3380,1286,518,,42032,2742861,3102671,1478461,505017,,29407051,2632896,3312,2199266,3713,3495051,32664,2378542,-1658
177,20220608,2374,3135,1202,493,,27970,2745235,3105806,1479663,505510,,29435021,2639976,7080,2200139,873,3522402,27351,2374148,-4394
178,20220609,1612,2828,1019,442,,24924,2746847,3108634,1480682,505952,,29459945,2639436,-540,2203690,3551,3524953,2551,2366706,-7442
179,20220610,599,810,439,102,,14113,2747446,3109444,1481121,506054,,29474058,2642503,3067,2204512,822,3528116,3163,2354681,-12025
180,20220611,630,770,442,89,,4248,2748076,3110214,1481563,506143,,29478306,2643569,1066,2205181,669,3509012,-19104,2299299,-55382
181,20220612,1878,2822,1186,506,,28208,2749954,3113036,1482749,506649,,29506514,2652380,8811,2207609,2428,3490867,-18145,2342521,43222
182,20220613,1971,3137,1173,466,,27125,2751925,3116173,1483922,507115,,29533639,2647986,-4394,2207716,107,3496610,5743,2343668,1147
183,20220614,2003,3040,1196,503,,27699,2753928,3119213,1485118,507618,,29561338,2648129,143,2210125,2409,3520204,23594,2331527,-12141
184,20220615,2108,2938,1207,455,,25661,2756036,3122151,1486325,508073,,29586999,2655580,7451,2211311,1186,3543079,22875,2322900,-8627
185,20220616,1676,2747,1066,506,,26192,2757712,3124898,1487391,508579,,29613191,2655165,-415,2213217,1906,3545948,2869,2311236,-11664
186,20220617,584,836,448,108,,13453,2758296,3125734,1487839,508687,,29626644,2654271,-894,2214641,1424,3548734,2786,2296811,-14425
187,20220618,573,702,421,60,,3756,2758869,3126436,1488260,508747,,29630400,2657180,2909,2215280,639,3527144,-21590,2243399,-53412
188,20220619,1646,2854,1105,416,,24325,2760515,3129290,1489365,509163,,29654725,2666538,9358,2217052,1772,3506124,-21020,2284063,40664
189,20220620,1872,2968,1120,477,,27010,2762387,3132258,1490485,509640,,29681735,2660525,-6013,2217091,39,3511577,5453,2284966,903
190,20220621,1962,2932,1103,462,,26725,2764349,3135190,1491588,510102,,29708460,2660085,-440,2218389,1298,3532730,21153,2272295,-12671
191,20220622,1486,2581,1013,426,,22185,2765835,3137771,1492601,510528,,29730645,2666129,6044,2219353,964,3554055,21325,2253200,-19095
192,20220623,977,1414,677,265,,15379,2766812,3139185,1493278,510793,,29746024,2664686,-1443,2220618,1265,3556529,2474,2234653,-18547
193,20220624,401,453,345,40,,8279,2767213,3139638,1493623,510833,,29754303,2661272,-3414,2222555,1937,3548069,-8460,2203686,-30967
194,20220625,326,321,317,14,,4890,2767539,3139959,1493940,510847,,29759193,2663723,2451,2223039,484,3524305,-23764,2144355,-59331
195,20220626,429,483,371,43,,4604,2767968,3140442,1494311,510890,,29763797,2669537,5814,2226461,3422,3496378,-27927,2137115,-7240
196,20220627,520,607,400,61,,6124,2768488,3141049,1494711,510951,,29769921,2662990,-6547,2226511,50,3473467,-22911,2137721,606
197,20220628,742,1297,680,141,,14148,2769230,3142346,1495391,511092,,29784069,2674784,11794,2225854,-657,3457111,-16356,2079448,-58273
198,20220629,777,1259,663,144,,16060,2770007,3143605,1496054,511236,,29800129,2688552,13768,2225951,97,3467816,10705,2039154,-40294
199,20220630,697,1290,595,135,,12685,2770704,3144895,1496649,511371,,29812814,2687387,-1165,2229239,3288,3473349,5533,1996791,-42363
200,20220630,466,540,405,65,,8705,2771170,3145435,1497054,511436,,29821519,2670575,-16812,2229276,37,3460739,-12610,1954764,-42027
201,20220701,544,600,411,58,,7434,2771714,3146035,1497465,511494,,29828953,2679077,8502,2231465,2189,3430165,-30574,1897270,-57494
202,20220702,652,779,457,84,,7104,2772366,3146814,1497922,511578,,29836057,2679969,892,2233506,2041,3406837,-23328,1894468,-2802
203,20220703,1566,2398,1080,398,,26521,2773932,3149212,1499002,511976,,29862578,2720574,40605,2233548,42,3406762,-75,1894680,212
204,20220704,1893,2857,1187,421,,47173,2775825,3152069,1500189,512397,,29909751,2720063,-511,2233934,386,3431371,24609,1872211,-22469
205,20220705,1989,3084,1233,435,,26472,2777814,3155153,1501422,512832,,29936223,2686020,-34043,2234522,588,3448744,17373,1852724,-19487
206,20220706,1764,2551,1069,413,,25986,2779578,3157704,1502491,513245,,29962209,2687026,1006,2236598,2076,3451576,2832,1831738,-20986
207,20220707,754,1006,504,113,,14897,2780332,3158710,1502995,513358,,29977106,2690411,3385,2237522,924,3450932,-644,1810578,-21160
208,20220708,732,842,494,99,,4355,2781064,3159552,1503489,513457,,29981461,2691488,1077,2238261,739,3425860,-25072,1757193,-53385
209,20220709,2128,3214,1234,418,,26344,2783192,3162766,1504723,513875,,30007805,2698467,6979,2240520,2259,3401680,-24180,1796590,39397
210,20220710,2314,3299,1244,439,,32199,2785506,3166065,1505967,514314,,30040004,2700834,2367,2240736,216,3399754,-1926,1796694,104
211,20220711,1997,2984,1230,442,,22847,2787503,3169049,1507197,514756,,30062851,2699865,-969,2243049,2313,3420531,20777,1787690,-9004
212,20220712,2292,3482,1295,491,,29434,2789795,3172531,1508492,515247,,30092285,2706203,6338,2244798,1749,3445501,24970,1773255,-14435
213,20220713,2009,2932,1128,427,,24726,2791804,3175463,1509620,515674,,30117011,2706943,740,2246519,1721,3450402,4901,1758236,-15019
214,20220714,655,976,510,116,,11187,2792459,3176439,1510130,515790,,30128198,2706522,-421,2251333,4814,3446945,-3457,1739512,-18724
215,20220715,677,973,486,107,,9595,2793136,3177412,1510616,515897,,30137793,2709867,3345,2252153,820,3419732,-27213,1691678,-47834
216,20220716,2364,3377,1315,471,,28267,2795500,3180789,1511931,516368,,30166060,2722889,13022,2254619,2466,3395695,-24037,1741280,49602
217,20220717,2434,3359,1313,530,,30859,2797934,3184148,1513244,516898,,30196919,2712714,-10175,2254675,56,3399814,4119,1741613,333
218,20220718,2522,3587,1323,485,,30946,2800456,3187735,1514567,517383,,30227865,2718890,6176,2257208,2533,3429158,29344,1732621,-8992
219,20220719,2242,3536,1321,501,,29080,2802698,3191271,1515888,517884,,30256945,2725484,6594,2257791,583,3455535,26377,1718802,-13819
220,20220720,2244,3147,1170,484,,27581,2804942,3194418,1517058,518368,,30284526,2726879,1395,2259960,2169,3458505,2970,1705578,-13224
221,20220721,697,1153,505,123,,14535,2805639,3195571,1517563,518491,,30299061,2727067,188,2260847,887,3453970,-4535,1692251,-13327
222,20220722,847,1039,539,119,,5663,2806486,3196610,1518102,518610,,30304724,2728605,1538,2262571,1724,3426774,-27196,1644837,-47414
223,20220723,2449,3674,1330,481,,31236,2808935,3200284,1519432,519091,,30335960,2736988,8383,2264982,2411,3401028,-25746,1695876,51039
224,20220724,2485,3550,1345,519,,31530,2811420,3203834,1520777,519610,,30367490,2733142,-3846,2267371,2389,3410426,9398,1696032,156
225,20220725,2434,3485,1304,468,,29585,2813854,3207319,1522081,520078,,30397075,2735350,2208,2271271,3900,3432589,22163,1689552,-6480
226,20220726,2285,3528,1309,486,,31521,2816139,3210847,1523390,520564,,30428596,2744220,8870,2273002,1731,3463185,30596,1677408,-12144
227,20220727,2011,3111,1162,501,,27660,2818150,3213958,1524552,521065,,30456256,2744217,-3,2276011,3009,3465326,2141,1665116,-12292
228,20220728,777,1066,500,89,,11914,2818927,3215024,1525052,521154,,30468170,2738419,-5798,2276886,875,3465358,32,1653311,-11805
229,20220729,755,1013,515,99,,9660,2819682,3216037,1525567,521253,,30477830,2739916,1497,2277471,585,3440367,-24991,1611356,-41955
230,20220730,2182,3534,1326,514,,29616,2821864,3219571,1526893,521767,,30507446,2762748,22832,2281784,4313,3415596,-24771,1659203,47847
231,20220731,2552,3675,1367,476,,29195,2824416,3223246,1528260,522243,,30536641,2755411,-7337,2281821,37,3418711,3115,1663300,4097
232,20220801,2383,3470,1351,418,,32604,2826799,3226716,1529611,522661,,30569245,2791009,35598,2287446,5625,3441801,23090,1664704,1404
233,20220802,2147,3570,1399,561,,36012,2828946,3230286,1531010,523222,,30605257,2799545,8536,2290235,2789,3475955,34154,1664808,104
234,20220803,2058,3306,1192,476,,28478,2831004,3233592,1532202,523698,,30633735,2799347,-198,2289086,-1149,3478484,2529,1663890,-918
235,20220804,709,1181,498,121,,28989,2831713,3234773,1532700,523819,,30662724,2756980,-42367,2290088,1002,3488086,9602,1660282,-3608
236,20220805,701,840,456,90,,4953,2832414,3235613,1533156,523909,,30667677,2758314,1334,2290811,723,3467404,-20682,1622065,-38217
237,20220806,1957,3042,1241,450,,27356,2834371,3238655,1534397,524359,,30695033,2775577,17263,2293840,3029,3433179,-34225,1671041,48976
238,20220807,2281,3197,1264,431,,29175,2836652,3241852,1535661,524790,,30724208,2782259,6682,2297728,3888,3436753,3574,1671550,509
239,20220808,2348,3468,1305,485,,29919,2839000,3245320,1536966,525275,,30754127,2784107,1848,2300739,3011,3455039,18286,1671766,216
240,20220809,2320,3701,1328,471,,29033,2841320,3249021,1538294,525746,,30783160,2777096,-7011,2302888,2149,3483694,28655,1677988,6222
241,20220810,2025,3231,1171,425,,26772,2843345,3252252,1539465,526171,,30809932,2778026,930,2305863,2975,3483880,186,1678287,299
242,20220811,726,756,472,106,,11601,2844071,3253008,1539937,526277,,30821533,2780987,2961,2306807,944,3485369,1489,1678555,268
243,20220812,780,859,461,87,,6613,2844851,3253867,1540398,526364,,30828146,2784060,3073,2307582,775,3463428,-21941,1662612,-15943
244,20220813,2288,3586,1287,466,,27859,2847139,3257453,1541685,526830,,30856005,2788011,3951,2310534,2952,3440011,-23417,1713652,51040
245,20220814,2091,3265,1236,434,,28163,2849230,3260718,1542921,527264,,30884168,2787701,-310,2313313,2779,3442574,2563,1759733,46081
246,20220815,2164,3517,1322,511,,30255,2851394,3264235,1544243,527775,,30914423,2790495,2794,2316187,2874,3461574,19000,1808421,48688
247,20220816,2346,3672,1339,471,,29618,2853740,3267907,1545582,528246,,30944041,2796993,6498,2316236,49,3489743,28169,1834240,25819
248,20220817,1927,3092,1197,454,,27428,2855667,3270999,1546779,528700,,30971469,2796571,-422,2316709,473,3492518,2775,1856334,22094
249,20220818,748,1078,532,123,,10405,2856415,3272077,1547311,528823,,30981874,2798254,1683,2317624,915,3496673,4155,1856667,333
250,20220819,744,929,523,87,,8217,2857159,3273006,1547834,528910,,30990091,2801437,3183,2318441,817,3472508,-24165,1843565,-13102
251,20220820,2214,3455,1261,469,,27267,2859373,3276461,1549095,529379,,31017358,2809238,7801,2320756,2315,3452916,-19592,1895134,51569
252,20220821,2558,3728,1348,488,,30241,2861931,3280189,1550443,529867,,31047599,2805831,-3407,2321334,578,3468911,15995,1946539,51405
253,20220822,2454,3576,1351,508,,33143,2864385,3283765,1551794,530375,,31080742,2806007,176,2323534,2200,3494667,25756,1956080,9541
254,20220823,2271,3768,1304,474,,25161,2866656,3287533,1553098,530849,,31105903,2812290,6283,2325280,1746,3521902,27235,1960120,4040
255,20220824,2046,3270,1224,525,,28731,2868702,3290803,1554322,531374,,31134634,2814306,2016,2327472,2192,3551521,29619,1962181,2061
256,20220825,756,1159,496,110,,10121,2869458,3291962,1554818,531484,,31144755,2813898,-408,2328282,810,3553559,2038,1962278,97
257,20220826,712,1111,529,107,,8290,2870170,3293073,1555347,531591,,31153045,2819904,6006,2329602,1320,3555582,2023,1927038,-35240
258,20220827,2485,3569,1314,454,,28521,2872655,3296642,1556661,532045,,31181566,2840389,20485,2334230,4628,3562562,6980,1975415,48377
259,20220828,2147,3367,1344,466,,37012,2874802,3300009,1558005,532511,,31218578,2845405,5016,2334269,39,3579728,17166,1985506,10091
260,20220901,2205,3261,1357,496,,31700,2877007,3303270,1559362,533007,,31250278,2866257,20852,2332743,-1526,3610077,30349,1989162,3656
261,20220902,2120,3235,1266,468,,33663,2879127,3306505,1560628,533475,,31283941,2849042,-17215,2339774,7031,3638457,28380,1990883,1721
262,20220903,1892,3060,1134,285,,23959,2881019,3309565,1561762,533760,,31307900,2850671,1629,2341842,2068,3658615,20158,1991262,379
263,20220904,628,937,476,126,,14238,2881647,3310502,1562238,533886,,31322138,2840325,-10346,2342686,844,3663467,4852,1985596,-5666
264,20220905,814,993,499,123,,5964,2882461,3311495,1562737,534009,,31328102,2843300,2975,2343444,758,3642440,-21027,1946219,-39377
265,20220906,2377,3304,1301,478,,43492,2884838,3314799,1564038,534487,,31371594,2856262,12962,2345779,2335,3620922,-21518,1996673,50454
266,20220907,2020,3611,1300,465,,29881,2886858,3318410,1565338,534952,,31401475,2850071,-6191,2345815,36,3624216,3294,2000460,3787
267,20220908,2075,3707,1329,490,,28416,2888933,3322117,1566667,535442,,31429891,2850038,-33,2345977,162,3644568,20352,2005491,5031
268,20220909,2154,3507,1250,473,,27713,2891087,3325624,1567917,535915,,31457604,2850481,443,2347347,1370,3670566,25998,2010224,4733
269,20220910,2203,3187,1137,419,,25951,2893290,3328811,1569054,536334,,31483555,2853506,3025,2349799,2452,3674023,3457,2010505,281
270,20220911,739,933,478,119,,8818,2894029,3329744,1569532,536453,,31492373,2850040,-3466,2350666,867,3677045,3022,2008416,-2089
271,20220912,664,913,460,97,,8407,2894693,3330657,1569992,536550,,31500780,2853363,3323,2351446,780,3648044,-29001,1969939,-38477
272,20220913,2305,3538,1325,429,,27431,2896998,3334195,1571317,536979,,31528211,2862648,9285,2353906,2460,3631063,-16981,2018083,48144
273,20220914,2159,3604,1196,463,,30353,2899157,3337799,1572513,537442,,31558564,2863245,597,2353950,44,3635746,4683,2018306,223
274,20220915,2400,3549,1306,502,,29485,2901557,3341348,1573819,537944,,31588049,2865927,2682,2356463,2513,3659822,24076,2020316,2010
275,20220916,2312,3448,1242,441,,27085,2903869,3344796,1575061,538385,,31615134,2870062,4135,2358225,1762,3681281,21459,2021360,1044
276,20220917,2035,3042,1123,454,,25828,2905904,3347838,1576184,538839,,31640962,2870965,903,2360337,2112,3684786,3505,2021631,271
277,20220918,744,958,469,95,,13844,2906648,3348796,1576653,538934,,31654806,2869098,-1867,2361254,917,3682832,-1954,2018644,-2987
278,20220919,603,785,435,93,,5288,2907251,3349581,1577088,539027,,31660094,2872270,3172,2362010,756,3655410,-27422,1980361,-38283
279,20220920,2387,3333,1265,432,,28856,2909638,3352914,1578353,539459,,31688950,2880989,8719,2364399,2389,3632101,-23309,2025946,45585
280,20220921,2245,3537,1344,447,,30215,2911883,3356451,1579697,539906,,31719165,2877436,-3553,2364441,42,3633162,1061,2028123,2177
281,20220922,2175,3574,1248,514,,29020,2914058,3360025,1580945,540420,,31748185,2878663,1227,2366231,1790,3657285,24123,2029017,894
282,20220923,2596,3641,1353,448,,28538,2916654,3363666,1582298,540868,,31776723,2884486,5823,2368091,1860,3685561,28276,2032464,3447
283,20220924,1878,2944,1208,456,,27385,2918532,3366610,1583506,541324,,31804108,2885433,947,2370385,2294,3685855,294,2032767,303
284,20220925,672,884,492,89,,10505,2919204,3367494,1583998,541413,,31814613,2885803,370,2371221,836,3686823,968,2024990,-7777
285,20220926,670,924,472,92,,9965,2919874,3368418,1584470,541505,,31824578,2889376,3573,2372058,837,3656039,-30784,1984086,-40904
286,20220927,2425,3448,1276,463,,31373,2922299,3371866,1585746,541968,,31855951,2897844,8468,2374704,2646,3634765,-21274,2031756,47670
287,20220928,2279,3534,1347,512,,27468,2924578,3375400,1587093,542480,,31883419,2902524,4680,2380234,5530,3639331,4566,2033570,1814
288,20220929,2249,3743,1356,519,,32155,2926827,3379143,1588449,542999,,31915574,2902630,106,2382569,2335,3664577,25246,2037692,4122
289,20220930,2176,3632,1342,503,,28789,2929003,3382775,1589791,543502,,31944363,2922200,19570,2386588,4019,3688996,24419,2039848,2156
290,20220930,2019,2947,1104,445,,26813,2931022,3385722,1590895,543947,,31971176,2917881,-4319,2392288,5700,3689111,115,2040096,248
291,20221001,769,1005,483,136,,10036,2931791,3386727,1591378,544083,,31981212,2903303,-14578,2392313,25,3687739,-1372,2030064,-10032
292,20221002,627,981,512,93,,8575,2932418,3387708,1591890,544176,,31989787,2906863,3560,2399470,7157,3663713,-24026,1993410,-36654
293,20221003,2210,3122,1191,463,,28158,2934628,3390830,1593081,544639,,32017945,2949992,43129,2403018,3548,3639072,-24641,2038117,44707
294,20221004,1896,3238,1195,460,,33230,2936524,3394068,1594276,545099,,32051175,2941396,-8596,2405556,2538,3639068,-4,2038473,356
295,20221005,2443,3484,1244,479,,29125,2938967,3397552,1595520,545578,,32080300,2939933,-1463,2407727,2171,3648865,9797,2038518,45
296,20221006,2011,2967,1144,454,,35243,2940978,3400519,1596664,546032,,32115543,2916176,-23757,2407765,38,3682080,33215,2038888,370
297,20221007,666,956,482,105,,9368,2941644,3401475,1597146,546137,,32124911,2916371,195,2406136,-1629,3684796,2716,2031509,-7379
298,20221008,474,676,382,64,,6354,2942118,3402151,1597528,546201,,32131265,2917291,920,2406888,752,3658765,-26031,1985729,-45780
299,20221009,428,537,366,34,,6188,2942546,3402688,1597894,546235,,32137453,2920235,2944,2407583,695,3638466,-20299,1942623,-43106
300,20221010,627,830,455,80,,7440,2943173,3403518,1598349,546315,,32144893,2919818,-417,2408451,868,3609836,-28630,1936719,-5904
301,20221011,1884,2875,1168,396,,25555,2945057,3406393,1599517,546711,,32170448,2928832,9014,2408900,449,3589656,-20180,1936153,-566
302,20221012,2165,3313,1277,471,,30271,2947222,3409706,1600794,547182,,32200719,2928357,-475,2411187,2287,3614174,24518,1931090,-5063
303,20221013,2097,3679,1263,429,,27540,2949319,3413385,1602057,547611,,32228259,2933347,4990,2413856,2669,3637811,23637,1927985,-3105
304,20221014,2194,3169,1239,416,,26368,2951513,3416554,1603296,548027,,32254627,2933290,-57,2418002,4146,3639509,1698,1926761,-1224
305,20221015,726,1021,488,75,,9726,2952239,3417575,1603784,548102,,32264353,2935041,1751,2418910,908,3637913,-1596,1923593,-3168
306,20221016,529,686,427,51,,6428,2952768,3418261,1604211,548153,,32270781,2938254,3213,2420696,1786,3615916,-21997,1885080,-38513
307,20221017,2114,3431,1263,439,,26236,2954882,3421692,1605474,548592,,32297017,2948819,10565,2423067,2371,3591397,-24519,1931646,46566
308,20221018,2452,3735,1354,443,,30585,2957334,3425427,1606828,549035,,32327602,2946439,-2380,2423111,44,3595080,3683,1934717,3071
309,20221019,2272,3517,1269,481,,28965,2959606,3428944,1608097,549516,,32356567,2946835,396,2424117,1006,3618402,23322,1935125,408
310,20221020,2338,3392,1234,409,,29711,2961944,3432336,1609331,549925,,32386278,2950231,3396,2426000,1883,3641527,23125,1934800,-325
311,20221021,1968,3133,1152,437,,26075,2963912,3435469,1610483,550362,,32412353,2950897,666,2427137,1137,3641755,228,1932036,-2764
312,20221022,608,960,460,80,,9116,2964520,3436429,1610943,550442,,32421469,2951772,875,2428920,1783,3642031,276,1926602,-5434
313,20221023,741,870,517,103,,8523,2965261,3437299,1611460,550545,,32429992,2955027,3255,2430457,1537,3617123,-24908,1887476,-39126
314,20221024,2937,3664,1519,413,,27235,2968198,3440963,1612979,550958,,32457227,2964549,9522,2434760,4303,3598171,-18952,1935183,47707
315,20221025,2794,3872,1447,502,,33073,2970992,3444835,1614426,551460,,32490300,2972723,8174,2434801,41,3601869,3698,1937128,1945
316,20221026,2454,3953,1357,511,,31914,2973446,3448788,1615783,551971,,32522214,2975416,2693,2436214,1413,3628717,26848,1938786,1658
317,20221027,2167,3581,1340,524,,28678,2975613,3452369,1617123,552495,,32550892,2981487,6071,2437348,1134,3654286,25569,1939083,297
318,20221028,1907,3297,1164,504,,29338,2977520,3455666,1618287,552999,,32580230,2980868,-619,2439846,2498,3658931,4645,1936527,-2556
319,20221029,268,278,181,36,,7414,2977788,3455944,1618468,553035,,32587644,2976476,-4392,2442658,2812,3659427,496,1931222,-5305
320,20221030,540,741,412,76,,8464,2978328,3456685,1618880,553111,,32596108,2980835,4359,2443408,750,3631419,-28008,1885109,-46113
321,20221101,853,1070,546,114,,9033,2979181,3457755,1619426,553225,,32605141,2980932,97,2443413,5,3604280,-27139,1886976,1867
322,20221102,2272,3298,1257,451,,29286,2981453,3461053,1620683,553676,,32634427,3015923,34991,2446377,2964,3585541,-18739,1887261,285
323,20221103,2381,3306,1249,470,,31832,2983834,3464359,1621932,554146,,32666259,3014759,-1164,2445665,-712,3609904,24363,1885542,-1719
324,20221104,2657,3625,1379,538,,35055,2986491,3467984,1623311,554684,,32701314,2981805,-32954,2448005,2340,3642270,32366,1882459,-3083
325,20221105,2141,3118,1175,427,,27634,2988632,3471102,1624486,555111,,32728948,2988458,6653,2450935,2930,3643625,1355,1882710,251
326,20221106,656,892,458,74,,19580,2989288,3471994,1624944,555185,,32748528,2991760,3302,2451756,821,3631066,-12559,1874920,-7790
327,20221107,573,759,445,69,,7273,2989861,3472753,1625389,555254,,32755801,2994678,2918,2452480,724,3615958,-15108,1835719,-39201
328,20221108,842,1119,533,120,,9337,2990703,3473872,1625922,555374,,32765138,2996706,2028,2453429,949,3591823,-24135,1838158,2439
329,20221109,2288,3222,1196,451,,28897,2992991,3477094,1627118,555825,,32794035,2993109,-3597,2453471,42,3575704,-16119,1838692,534
330,20221110,2506,3839,1283,458,,30937,2995497,3480933,1628401,556283,,32824972,3000488,7379,2455845,2374,3602236,26532,1842580,3888
331,20221111,2661,3838,1364,511,,29204,2998158,3484771,1629765,556794,,32854176,3008507,8019,2455903,58,3628519,26283,1843194,614
332,20221112,2127,3240,1195,497,,26643,3000285,3488011,1630960,557291,,32880819,3007343,-1164,2460346,4443,3632818,4299,1843626,432
333,20221113,764,944,471,99,,11105,3001049,3488955,1631431,557390,,32891924,3003173,-4170,2465971,5625,3632969,151,1835671,-7955
334,20221114,669,937,512,108,,8425,3001718,3489892,1631943,557498,,32900349,3006386,3213,2466727,756,3609203,-23766,1797218,-38453
335,20221115,2493,3678,1325,542,,29954,3004211,3493570,1633268,558040,,32930303,3014639,8253,2467616,889,3592798,-16405,1849528,52310
336,20221116,2272,3537,1341,466,,29395,3006483,3497107,1634609,558506,,32959698,3022148,7509,2469754,2138,3598305,5507,1852302,2774
337,20221117,2227,3562,1278,439,,29321,3008710,3500669,1635887,558945,,32989019,3021858,-290,2472941,3187,3618744,20439,1852946,644
338,20221118,2326,3678,1283,501,,28583,3011036,3504347,1637170,559446,,33017602,3019363,-2495,2473013,72,3647422,28678,1853242,296
339,20221119,2200,3579,1252,479,,27259,3013236,3507926,1638422,559925,,33044861,3018808,-555,2477222,4209,3649427,2005,1851299,-1943
340,20221120,772,1001,486,103,,10768,3014008,3508927,1638908,560028,,33055629,3018960,152,2478329,1107,3649922,495,1848188,-3111
341,20221121,619,780,447,76,,7620,3014627,3509707,1639355,560104,,33063249,3022019,3059,2479071,742,3625809,-24113,1809018,-39170
342,20221122,1922,3331,1246,439,,26324,3016549,3513038,1640601,560543,,33089573,3027766,5747,2481815,2744,3599977,-25832,1852198,43180
343,20221123,2256,3575,1377,482,,31259,3018805,3516613,1641978,561025,,33120832,3035177,7411,2482058,243,3605447,5470,1858843,6645
344,20221124,2294,3361,1387,488,,29274,3021099,3519974,1643365,561513,,33150106,3036591,1414,2484831,2773,3629928,24481,1861341,2498
345,20221125,2166,3292,1218,445,,27331,3023265,3523266,1644583,561958,,33177437,3035865,-726,2486826,1995,3655723,25795,1862799,1458
346,20221126,1886,3119,1145,488,,27590,3025151,3526385,1645728,562446,,33205027,3035774,-91,2489197,2371,3656015,292,1863779,980
347,20221127,601,810,452,66,,8981,3025752,3527195,1646180,562512,,33214008,3038772,2998,2490248,1051,3655280,-735,1864026,247
348,20221128,526,772,442,81,,7170,3026278,3527967,1646622,562593,,33221178,3041846,3074,2490921,673,3632812,-22468,1862689,-1337
349,20221129,658,823,480,106,,7270,3026936,3528790,1647102,562699,,33228448,3044870,3024,2491687,766,3605702,-27110,1867978,5289
350,20221130,1998,3283,1207,450,,27240,3028934,3532073,1648309,563149,,33255688,3063242,18372,2492544,857,3585718,-19984,1914046,46068
351,20221130,2423,3406,1295,503,,32060,3031357,3535479,1649604,563652,,33287748,3063731,489,2497336,4792,3611806,26088,1917558,3512
352,20221201,2221,3392,1238,486,,30099,3033578,3538871,1650842,564138,,33317847,3096300,32569,2497346,10,3637213,25407,1917949,391
353,20221202,1824,2898,1108,376,,23850,3035402,3541769,1651950,564514,,33341697,3093526,-2774,2500698,3352,3637664,451,1914712,-3237
354,20221203,636,786,461,71,,14743,3036038,3542555,1652411,564585,,33356440,3053303,-40223,2503233,2535,3639021,1357,1906268,-8444
355,20221204,688,838,449,89,,7049,3036726,3543393,1652860,564674,,33363489,3056520,3217,2504136,903,3610315,-28706,1862977,-43291
356,20221205,1907,3163,1195,418,,25448,3038633,3546556,1654055,565092,,33388937,3068926,12406,2505409,1273,3586781,-23534,1907306,44329
357,20221206,2284,3499,1275,470,,42168,3040917,3550055,1655330,565562,,33431105,3067398,-1528,2506420,1011,3618261,31480,1908868,1562
358,20221207,2061,3360,1221,436,,27870,3042978,3553415,1656551,565998,,33458975,3067077,-321,2507803,1383,3643563,25302,1909305,437
359,20221208,2266,3645,1278,481,,29432,3045244,3557060,1657829,566479,,33488407,3072889,5812,2509548,1745,3671043,27480,1907030,-2275
360,20221209,2164,3052,1147,440,,24795,3047408,3560112,1658976,566919,,33513202,3073605,716,2511810,2262,3693761,22718,1905666,-1364
361,20221210,677,832,433,82,,8781,3048085,3560944,1659409,567001,,33521983,3071699,-1906,2512769,959,3694204,443,1901870,-3796
362,20221211,638,818,419,81,,7485,3048723,3561762,1659828,567082,,33529468,3074633,2934,2514501,1732,3671676,-22528,1860450,-41420
363,20221212,1851,3042,1269,444,,28271,3050574,3564804,1661097,567526,,33557739,3086716,12083,2516802,2301,3651543,-20133,1905626,45176
364,20221213,2095,3743,1261,449,,31424,3052669,3568547,1662358,567975,,33589163,3094453,7737,2516813,11,3657198,5655,1908643,3017
365,20221214,2245,3444,1340,434,,28369,3054914,3571991,1663698,568409,,33617532,3094187,-266,2517688,875,3679163,21965,1908868,225
366,20221215,2125,3212,1229,503,,27106,3057039,3575203,1664927,568912,,33644638,3090039,-4148,2520130,2442,3705950,26787,1904326,-4542
367,20221216,1932,3240,1165,438,,27584,3058971,3578443,1666092,569350,,33672222,3092140,2101,2522251,2121,3708919,2969,1896737,-7589
368,20221217,682,926,485,106,,13316,3059653,3579369,1666577,569456,,33685538,3092974,834,2523104,853,3711409,2490,1889802,-6935
369,20221218,603,753,459,88,,7309,3060256,3580122,1667036,569544,,33692847,3094345,1371,2524015,911,3686207,-25202,1850844,-38958
370,20221219,2192,3336,1286,464,,30016,3062448,3583458,1668322,570008,,33722863,3104207,9862,2526412,2397,3664024,-22183,1900857,50013
371,20221220,2290,3677,1388,535,,26103,3064738,3587135,1669710,570543,,33748966,3096315,-7892,2526453,41,3672834,8810,1948139,47282
372,20221221,2091,3557,1266,447,,29615,3066829,3590692,1670976,570990,,33778581,3098448,2133,2527650,1197,3697768,24934,1950273,2134
373,20221222,1987,3452,1251,510,,29597,3068816,3594144,1672227,571500,,33808178,3099127,679,2529884,2234,3724732,26964,1952327,2054
374,20221223,1858,2897,1085,476,,25897,3070674,3597041,1673312,571976,,33834075,3099811,684,2531985,2101,3727708,2976,1952548,221
375,20221224,623,909,466,98,,12177,3071297,3597950,1673778,572074,,33846252,3095232,-4579,2532916,931,3728630,922,1942328,-10220
376,20221225,575,783,444,98,,7435,3071872,3598733,1674222,572172,,33853687,3096514,1282,2533592,676,3700556,-28074,1902491,-39837
377,20221226,2080,3458,1203,421,,27351,3073952,3602191,1675425,572593,,33881038,3109666,13152,2536542,2950,3674177,-26379,1948931,46440
378,20221227,2217,3512,1295,503,,24903,3076169,3605703,1676720,573096,,33905941,3104565,-5101,2541054,4512,3676739,2562,1996364,47433
379,20221228,2099,3639,1280,490,,30871,3078268,3609342,1678000,573586,,33936812,3110720,6155,2543962,2908,3702469,25730,1998373,2009
380,20221229,2187,3701,1277,532,,32661,3080455,3613043,1679277,574118,,33969473,3132180,21460,2548586,4624,3731345,28876,1998619,246
381,20221230,1944,3035,1215,486,,25654,3082399,3616078,1680492,574604,,33995127,3129269,-2911,2552077,3491,3754547,23202,1991552,-7067
382,20230101,679,914,469,100,,9002,3083078,3616992,1680961,574704,,34004129,3120397,-8872,2552138,61,3757974,3427,1981851,-9701
383,20230102,628,851,484,107,,9522,3083706,3617843,1681445,574811,,34013651,3134195,13798,2556182,4044,3731231,-26743,1940011,-41840
384,20230103,2058,3337,1232,486,,33555,3085764,3621180,1682677,575297,,34047206,3158719,24524,2559377,3195,3711335,-19896,1985482,45471
385,20230104,2396,3711,1290,481,,29978,3088160,3624891,1683967,575778,,34077184,3134366,-24353,2559418,41,3715710,4375,1986146,664
386,20230105,2504,3879,1318,494,,31287,3090664,3628770,1685285,576272,,34108471,3137099,2733,2558247,-1171,3734498,18788,1985122,-1024
387,20230106,2039,3636,1257,341,,23588,3092703,3632406,1686542,576613,,34132059,3134958,-2141,2559979,1732,3756457,21959,1985571,449
388,20230107,1840,3119,1147,589,,44851,3094543,3635525,1687689,577202,,34176910,3136551,1593,2561641,1662,3791104,34647,1984788,-783
389,20230108,687,879,468,104,,10011,3095230,3636404,1688157,577306,,34186921,3137995,1444,2562977,1336,3796618,5514,1977372,-7416
390,20230109,654,940,498,95,,7292,3095884,3637344,1688655,577401,,34194213,3139469,1474,2563776,799,3770410,-26208,1932993,-44379
391,20230110,2207,3420,1275,465,,28697,3098091,3640764,1689930,577866,,34222910,3151046,11577,2567559,3783,3745743,-24667,1981936,48943
392,20230111,2304,3427,1276,463,,28426,3100395,3644191,1691206,578329,,34251336,3146401,-4645,2567851,292,3747899,2156,1983280,1344
393,20230112,1981,3374,1225,453,,23618,3102376,3647565,1692431,578782,,34274954,3149060,2659,2570518,2667,3765977,18078,1983733,453
394,20230113,2170,3407,1199,462,,27027,3104546,3650972,1693630,579244,,34301981,3156132,7072,2572637,2119,3789329,23352,1978865,-4868
395,20230114,2028,3169,1183,474,,28618,3106574,3654141,1694813,579718,,34330599,3157068,936,2574722,2085,3793207,3878,1975503,-3362
396,20230115,873,1104,515,124,,15149,3107447,3655245,1695328,579842,,34345748,3157572,504,2575617,895,3792900,-307,1968609,-6894
397,20230116,638,843,476,88,,4542,3108085,3656088,1695804,579930,,34350290,3161170,3598,2577061,1444,3769364,-23536,1928160,-40449
398,20230117,1983,3345,1283,442,,30801,3110068,3659433,1697087,580372,,34381091,3175136,13966,2579797,2736,3747099,-22265,1974259,46099
399,20230118,2382,3771,1321,480,,27095,3112450,3663204,1698408,580852,,34408186,3164868,-10268,2579842,45,3750158,3059,2021661,47402
400,20230119,2012,3594,1303,551,,30586,3114462,3666798,1699711,581403,,34438772,3166149,1281,2582220,2378,3775833,25675,2022818,1157
401,20230120,2138,3571,1268,468,,27026,3116600,3670369,1700979,581871,,34465798,3170463,4314,2585082,2862,3800512,24679,2023250,432
402,20230121,1913,3013,1192,514,,27705,3118513,3673382,1702171,582385,,34493503,3172821,2358,2587302,2220,3803894,3382,2023481,231
403,20230122,642,951,475,88,,15948,3119155,3674333,1702646,582473,,34509451,3164054,-8767,2588350,1048,3810397,6503,2018643,-4838
404,20230123,609,841,433,72,,3967,3119764,3675174,1703079,582545,,34513418,3167378,3324,2589127,777,3782753,-27644,1981787,-36856
405,20230124,2052,3409,1243,456,,30180,3121816,3678583,1704322,583001,,34543598,3175994,8616,2591892,2765,3758650,-24103,2028540,46753
406,20230125,2247,3508,1374,478,,26345,3124063,3682091,1705696,583479,,34569943,3174863,-1131,2591933,41,3760849,2199,2029378,838
407,20230126,2148,3643,1280,451,,27979,3126211,3685734,1706976,583930,,34597922,3178479,3616,2594283,2350,3781848,20999,2029697,319
408,20230127,2325,3692,1295,487,,27773,3128536,3689426,1708271,584417,,34625695,3183238,4759,2596000,1717,3808282,26434,2025202,-4495
409,20230128,1716,2992,1117,475,,26239,3130252,3692418,1709388,584892,,34651934,3199450,16212,2598889,2889,3831690,23408,2024367,-835
410,20230129,754,898,495,121,,12982,3131006,3693316,1709883,585013,,34664916,3192303,-7147,2599671,782,3835800,4110,2015403,-8964
411,20230130,689,917,500,109,,5171,3131695,3694233,1710383,585122,,34670087,3201409,9106,2602638,2967,3813612,-22188,1973337,-42066
412,20230131,2074,3615,1276,539,,27705,3133769,3697848,1711659,585661,,34697792,3204682,3273,2605219,2581,3790612,-23000,2020172,46835
413,20230201,1980,3379,1311,440,,30790,3135749,3701227,1712970,586101,,34728582,3241854,37172,2605219,0,3796963,6351,2020984,812
414,20230202,2485,3601,1378,514,,37199,3138234,3704828,1714348,586615,,34765781,3239763,-2091,2606372,1153,3824484,27521,2021273,289
415,20230203,2062,3538,1207,469,,28330,3140296,3708366,1715555,587084,,34794111,3207213,-32550,2606518,146,3852631,28147,2019454,-1819
416,20230204,1729,3044,1090,383,,27027,3142025,3711410,1716645,587467,,34821138,3208372,1159,2608541,2023,3856319,3688,2017329,-2125
417,20230205,562,818,453,96,,26261,3142587,3712228,1717098,587563,,34847399,3207174,-1198,2609423,882,3860449,4130,2013101,-4228
418,20230206,636,902,490,100,,4591,3143223,3713130,1717588,587663,,34851990,3208342,1168,2610105,682,3835395,-25054,1972694,-40407
419,20230207,1993,3336,1215,502,,28689,3145216,3716466,1718803,588165,,34880679,3214604,6262,2612411,2306,3814610,-20785,2017468,44774
420,20230208,2120,3510,1262,423,,26940,3147336,3719976,1720065,588588,,34907619,3213321,-1283,2612454,43,3818751,4141,2017637,169
421,20230209,1915,3400,1234,473,,28533,3149251,3723376,1721299,589061,,34936152,3213927,606,2614053,1599,3841941,23190,2016155,-1482
422,20230210,2045,3264,1229,442,,27008,3151296,3726640,1722528,589503,,34963160,3222960,9033,2615910,1857,3866852,24911,2011715,-4440
423,20230211,1639,2810,1091,442,,26958,3152935,3729450,1723619,589945,,34990118,3223636,676,2617811,1901,3869104,2252,2006772,-4943
424,20230212,608,806,455,90,,10157,3153543,3730256,1724074,590035,,35000275,3224604,968,2618710,899,3870730,1626,1999120,-7652
425,20230213,704,872,505,94,,8126,3154247,3731128,1724579,590129,,35008401,3228152,3548,2619548,838,3844547,-26183,1959993,-39127
426,20230214,2150,3249,1344,495,,27407,3156397,3734377,1725923,590624,,35035808,3236932,8780,2621688,2140,3823605,-20942,2006563,46570
427,20230215,2173,3537,1258,442,,29983,3158570,3737914,1727181,591066,,35065791,3233697,-3235,2621734,46,3828472,4867,2006881,318
428,20230216,1906,3459,1238,482,,30774,3160476,3741373,1728419,591548,,35096565,3236481,2784,2623444,1710,3850437,21965,2005886,-995
429,20230217,1931,3389,1186,447,,27464,3162407,3744762,1729605,591995,,35124029,3242216,5735,2624962,1518,3875177,24740,2003163,-2723
430,20230218,1934,2736,1032,443,,28878,3164341,3747498,1730637,592438,,35152907,3243389,1173,2627031,2069,3879401,4224,2003745,582
431,20230219,5,15,6,3,,6113,3164346,3747513,1730643,592441,,35159020,3231522,-11867,2627079,48,3876433,-2968,1997595,-6150
432,20230824,874,1124,507,129,,10069,3563859,4254788,1926024,661871,,39680508,3748187,3965,3108881,2448,4124580,3988,2410146,442
433,20230825,1038,1167,573,112,,14475,3564897,4255955,1926597,661983,,39694983,3752081,3894,3110206,1325,4122496,-2084,2365596,-44550
434,20230826,3368,4086,1471,530,,24457,3568265,4260041,1928068,662513,,39719440,3765812,13731,3114943,4737,4135883,13387,2425942,60346
435,20230827,3538,4555,1562,599,,37316,3571803,4264596,1929630,663112,,39756756,3762981,-2831,3117075,2132,4158982,23099,2434871,8929
436,20230828,3094,4018,1469,572,,32582,3574897,4268614,1931099,663684,,39789338,3787479,24498,3124476,7401,4187216,28234,2443417,8546
437,20230829,3355,4423,1554,640,,34899,3578252,4273037,1932653,664324,,39824237,3784653,-2826,3125350,874,4219514,32298,2451792,8375
438,20230901,2360,3437,1292,512,,30369,3580612,4276474,1933945,664836,,39854606,3831357,46704,3125498,148,4248168,28654,2452198,406
439,20230902,962,1137,528,124,,14865,3581574,4277611,1934473,664960,,39869471,3812233,-19124,3135241,9743,4248360,192,2452010,-188
440,20230903,863,1075,518,132,,9542,3582437,4278686,1934991,665092,,39879013,3815517,3284,3136546,1305,4235143,-13217,2409199,-42811
441,20230904,3322,4214,1436,553,,33215,3585759,4282900,1936427,665645,,39912228,3821664,6147,3141231,4685,4222392,-12751,2470696,61497
442,20230905,3236,3920,1410,504,,34896,3588995,4286820,1937837,666149,,39947124,3794086,-27578,3141277,46,4229197,6805,2477564,6868
443,20230906,3313,4486,1390,524,,43195,3592308,4291306,1939227,666673,,39990319,3797705,3619,3144900,3623,4254084,24887,2483702,6138
444,20230907,3134,4040,1410,532,,29446,3595442,4295346,1940637,667205,,40019765,3806295,8590,3148625,3725,4282287,28203,2486469,2767
445,20230908,2767,3546,1247,512,,29012,3598209,4298892,1941884,667717,,40048777,3807611,1316,3152949,4324,4286031,3744,2486897,428
446,20230909,1053,1187,559,144,,16322,3599262,4300079,1942443,667861,,40065099,3801914,-5697,3154561,1612,4287631,1600,2485127,-1770
447,20230910,767,902,498,117,,5044,3600029,4300981,1942941,667978,,40070143,3805733,3819,3156473,1912,4265469,-22162,2439579,-45548
448,20230911,3322,4304,1424,603,,32013,3603351,4305285,1944365,668581,,40102156,3818499,12766,3160978,4505,4250886,-14583,2498330,58751
449,20230912,3201,3902,1404,538,,32495,3606552,4309187,1945769,669119,,40134651,3815387,-3112,3162573,1595,4256920,6034,2503173,4843
450,20230913,3686,4545,1524,624,,33011,3610238,4313732,1947293,669743,,40167662,3818384,2997,3167440,4867,4281587,24667,2511679,8506
451,20230914,3138,4070,1447,596,,31160,3613376,4317802,1948740,670339,,40198822,3827216,8832,3171237,3797,4312284,30697,2512174,495
452,20230915,2805,3640,1258,534,,29725,3616181,4321442,1949998,670873,,40228547,3831188,3972,3175775,4538,4316801,4517,2511938,-236
453,20230916,990,1218,532,133,,17146,3617171,4322660,1950530,671006,,40245693,3830586,-602,3177499,1724,4319437,2636,2506787,-5151
454,20230917,905,977,517,104,,10385,3618076,4323637,1951047,671110,,40256078,3834427,3841,3178852,1353,4293498,-25939,2460888,-45899
455,20230918,3170,3917,1394,551,,27229,3621246,4327554,1952441,671661,,40283307,3847243,12816,3183502,4650,4273769,-19729,2519891,59003
456,20230919,3460,4159,1469,587,,33595,3624706,4331713,1953910,672248,,40316902,3837593,-9650,3185182,1680,4280181,6412,2522223,2332
457,20230920,3378,4561,1463,588,,33664,3628084,4336274,1955373,672836,,40350566,3844322,6729,3190104,4922,4308008,27827,2525204,2981
458,20230921,3269,4170,1506,635,,33501,3631353,4340444,1956879,673471,,40384067,3853932,9610,3194065,3961,4338940,30932,2525686,482
459,20230922,2603,3686,1233,503,,32719,3633956,4344130,1958112,673974,,40416786,3856026,2094,3198163,4098,4344661,5721,2525430,-256
460,20230923,989,1154,561,124,,15561,3634945,4345284,1958673,674098,,40432347,3853438,-2588,3200039,1876,4345255,594,2520912,-4518
461,20230924,784,957,488,118,,10883,3635729,4346241,1959161,674216,,40443230,3858313,4875,3201348,1309,4316714,-28541,2473382,-47530
462,20230925,2876,3978,1375,555,,27266,3638605,4350219,1960536,674771,,40470496,3870256,11943,3205834,4486,4294886,-21828,2527238,53856
463,20230926,3253,4284,1627,570,,33413,3641858,4354503,1962163,675341,,40503909,3867918,-2338,3206898,1064,4301607,6721,2527615,377
464,20230927,3457,4643,1444,686,,34474,3645315,4359146,1963607,676027,,40538383,3880904,12986,3211429,4531,4332427,30820,2527832,217
465,20230928,3003,4419,1421,663,,32540,3648318,4363565,1965028,676690,,40570923,3883624,2720,3214750,3321,4361640,29213,2528163,331
466,20230929,983,1176,577,177,,15521,3649301,4364741,1965605,676867,,40586444,3878739,-4885,3216339,1589,4365677,4037,2524415,-3748
467,20230930,633,799,440,89,,8554,3649934,4365540,1966045,676956,,40594998,3881093,2354,3219928,3589,4337731,-27946,2471513,-52902
468,20230930,626,755,456,79,,5373,3650560,4366295,1966501,677035,,40600371,3896031,14938,3221057,1129,4309298,-28433,2418602,-52911
469,20231001,763,878,536,101,,8165,3651323,4367173,1967037,677136,,40608536,3896961,930,3225093,4036,4280833,-28465,2414108,-4494
470,20231002,2459,3127,1207,485,,32630,3653782,4370300,1968244,677621,,40641166,3937437,40476,3225496,403,4252953,-27880,2413663,-445
471,20231003,2862,3592,1322,515,,37476,3656644,4373892,1969566,678136,,40678642,3953579,16142,3229089,3593,4283514,30561,2408535,-5128
472,20231004,3004,4002,1342,589,,30315,3659648,4377894,1970908,678725,,40708957,3895059,-58520,3231072,1983,4307776,24262,2406445,-2090
473,20231005,2497,3328,1217,496,,27995,3662145,4381222,1972125,679221,,40736952,3897964,2905,3235407,4335,4312186,4410,2404999,-1446
474,20231006,873,1106,565,122,,25788,3663018,4382328,1972690,679343,,40762740,3901752,3788,3237453,2046,4309240,-2946,2393717,-11282
475,20231007,764,927,475,95,,10833,3663782,4383255,1973165,679438,,40773573,3916156,14404,3238703,1250,4281765,-27475,2348810,-44907
476,20231008,2812,3371,1222,450,,23420,3666594,4386626,1974387,679888,,40796993,3917999,1843,3242842,4139,4255834,-25931,2397856,49046
477,20231009,2936,3930,1362,499,,31119,3669530,4390556,1975749,680387,,40828112,3910538,-7461,3243838,996,4257506,1672,2398222,366
478,20231010,2756,3516,1296,459,,26970,3672286,4394072,1977045,680846,,40855082,3923597,13059,3248542,4704,4278259,20753,2395325,-2897
479,20231011,2734,3610,1338,476,,27899,3675020,4397682,1978383,681322,,40882981,3915143,-8454,3252011,3469,4303178,24919,2388223,-7102
480,20231012,2393,3117,1161,494,,30579,3677413,4400799,1979544,681816,,40913560,3636221,-278922,3255984,3973,4308092,4914,2377845,-10378
481,20231013,723,875,469,92,,9802,3678136,4401674,1980013,681908,,40923362,3635433,-788,3257761,1777,4306221,-1871,2365082,-12763
482,20231014,732,902,458,91,,4357,3678868,4402576,1980471,681999,,40927719,3645547,10114,3258966,1205,4276071,-30150,2314295,-50787
483,20231015,3156,3679,1399,514,,31384,3682024,4406255,1981870,682513,,40959103,3651570,6023,3263623,4657,4253651,-22420,2373655,59360
484,20231016,3158,3994,1385,524,,33823,3685182,4410249,1983255,683037,,40992926,3640623,-10947,3264778,1155,4258430,4779,2374010,355
485,20231017,3015,3954,1337,547,,30300,3688197,4414203,1984592,683584,,41023226,3652701,12078,3269577,4799,4277839,19409,2371150,-2860
486,20231018,3076,4279,1381,563,,30608,3691273,4418482,1985973,684147,,41053834,3646401,-6300,3273217,3640,4306332,28493,2367746,-3404
487,20231019,2573,3330,1200,515,,28678,3693846,4421812,1987173,684662,,41082512,3648862,2461,3277968,4751,4310571,4239,2365839,-1907
488,20231020,874,949,483,101,,14261,3694720,4422761,1987656,684763,,41096773,3653854,4992,3279984,2016,4310382,-189,2357087,-8752
489,20231021,783,946,471,107,,4961,3695503,4423707,1988127,684870,,41101734,3665247,11393,3281262,1278,4282854,-27528,2308976,-48111
490,20231022,3132,4095,1375,527,,32791,3698635,4427802,1989502,685397,,41134525,3668015,2768,3285834,4572,4258923,-23931,2364766,55790
491,20231023,3205,3914,1443,563,,34244,3701840,4431716,1990945,685960,,41168769,3658991,-9024,3286339,505,4265739,6816,2365179,413
492,20231024,3143,3992,1428,561,,30953,3704983,4435708,1992373,686521,,41199722,3662182,3191,3291373,5034,4290363,24624,2359103,-6076
493,20231025,3363,4097,1497,621,,37515,3708346,4439805,1993870,687142,,41237237,3666103,3921,3291423,50,4294420,4057,2358757,-346
494,20231103,2602,3171,1190,504,,29928,3727534,4464163,2002878,690928,,41454824,3784315,14892,3324516,4863,4346935,5010,2342772,163
495,20231104,804,980,520,120,,17866,3728338,4465143,2003398,691048,,41472690,3743282,-41033,3326206,1690,4346777,-158,2336101,-6671
496,20231105,673,788,468,76,,11192,3729011,4465931,2003866,691124,,41483882,3745884,2602,3327291,1085,4318970,-27807,2288520,-47581
497,20231106,1028,1143,556,129,,21272,3730039,4467074,2004422,691253,,41505154,3749705,3821,3329081,1790,4296549,-22421,2289701,1181
498,20231107,2813,3416,1336,544,,24690,3732852,4470490,2005758,691797,,41529844,3754597,4892,3330270,1189,4276312,-20237,2290133,432
499,20231108,2964,3849,1324,542,,32927,3735816,4474339,2007082,692339,,41562771,3758006,3409,3334761,4491,4298210,21898,2283900,-6233
500,20231109,3004,3784,1363,579,,29954,3738820,4478123,2008445,692918,,41592725,3758709,703,3338576,3815,4330207,31997,2278665,-5235
501,20231110,2713,3225,1141,488,,28049,3741533,4481348,2009586,693406,,41620774,3763454,4745,3343296,4720,4335114,4907,2272105,-6560
502,20231111,774,916,463,82,,14207,3742307,4482264,2010049,693488,,41634981,3763299,-155,3344894,1598,4330808,-4306,2259971,-12134
503,20231112,640,732,468,78,,4282,3742947,4482996,2010517,693566,,41639263,3766130,2831,3346064,1170,4302397,-28411,2210251,-49720
504,20231113,2962,3777,1320,526,,31261,3745909,4486773,2011837,694092,,41670524,3775694,9564,3350560,4496,4274973,-27424,2262293,52042
505,20231114,3300,4116,1429,533,,28710,3749209,4490889,2013266,694625,,41699234,3783503,7809,3352173,1613,4279456,4483,2262649,356
506,20231115,2972,3800,1352,524,,33730,3752181,4494689,2014618,695149,,41732964,3786431,2928,3357012,4839,4300562,21106,2258675,-3974
507,20231116,3055,4003,1369,534,,30386,3755236,4498692,2015987,695683,,41763350,3730981,-55450,3357077,65,4324129,23567,2256296,-2379
508,20231117,2419,3027,1181,509,,27938,3757655,4501719,2017168,696192,,41791288,3731300,319,3333453,-23624,4327537,3408,2253484,-2812
509,20231118,774,918,453,97,,13750,3758429,4502637,2017621,696289,,41805038,3728029,-3271,3299524,-33929,4328412,875,2244624,-8860
510,20231119,721,745,451,78,,6847,3759150,4503382,2018072,696367,,41811885,3731913,3884,3115682,-183842,4299151,-29261,2240697,-3927
511,20231120,3174,3896,1350,549,,28529,3762324,4507278,2019422,696916,,41840414,3744511,12598,2934975,-180707,4272811,-26340,2296151,55454
512,20231121,3131,4007,1461,578,,33643,3765455,4511285,2020883,697494,,41874057,3738361,-6150,2898074,-36901,4273543,732,2353389,57238
513,20231122,3359,4113,1436,611,,32926,3768814,4515398,2022319,698105,,41906983,3739930,1569,2848926,-49148,4298972,25429,2361320,7931
514,20231123,3416,4403,1442,651,,32726,3772230,4519801,2023761,698756,,41939709,3741706,1776,2807420,-41506,4327104,28132,2364886,3566
515,20231124,2712,3429,1187,545,,29305,3774942,4523230,2024948,699301,,41969014,3741737,31,2762332,-45088,4329791,2687,2365236,350
516,20231125,449,590,278,80,,9421,3775391,4523820,2025226,699381,,41978435,3739349,-2388,2762382,50,4334861,5070,2357966,-7270
517,20231126,575,751,348,91,,5201,3775966,4524571,2025574,699472,,41983636,3752991,13642,2565379,-197003,4266829,-68032,2312764,-45202
518,20231127,1263,1374,595,157,,21474,3777229,4525945,2026169,699629,,42005110,3752668,-323,2352736,-212643,4268545,1716,2313972,1208
519,20231128,3237,3753,1307,522,,30848,3780466,4529698,2027476,700151,,42035958,3754193,1525,2313433,-39303,4266609,-1936,2317453,3481
520,20231129,3367,3741,1455,524,,27837,3783833,4533439,2028931,700675,,42063795,3755013,820,2268051,-45382,4292577,25968,2317798,345
521,20231130,3216,4115,1393,604,,31240,3787049,4537554,2030324,701279,,42095035,3776184,21171,2230060,-37991,4323869,31292,2322234,4436
522,20231130,2497,3157,1145,462,,28499,3789546,4540711,2031469,701741,,42123534,3772815,-3369,2186413,-43647,4347970,24101,2322528,294
523,20231201,651,847,449,97,,4628,3790197,4541558,2031918,701838,,42128162,3765466,-7349,2138297,-48116,4351550,3580,2318460,-4068
524,20231202,691,848,464,91,,9483,3790888,4542406,2032382,701929,,42137645,3782370,16904,2028258,-110039,4320764,-30786,2271516,-46944
525,20231203,2847,3502,1436,547,,35196,3793735,4545908,2033818,702476,,42172841,3836396,54026,2028405,147,4294987,-25777,2327555,56039
526,20231204,3399,3962,1403,585,,42493,3797134,4549870,2035221,703061,,42215334,3844231,7835,2031170,2765,4307100,12113,2331439,3884
527,20231205,2958,3946,1405,523,,30743,3800092,4553816,2036626,703584,,42246077,3850799,6568,2027673,-3497,4328501,21401,2335562,4123
528,20231206,3018,4053,1412,608,,51396,3803110,4557869,2038038,704192,,42297473,3784501,-66298,2029121,1448,4364521,36020,2336200,638
529,20231207,2672,3358,1221,520,,29384,3805782,4561227,2039259,704712,,42326857,3785847,1346,2031200,2079,4370279,5758,2336551,351
530,20231208,775,962,467,89,,9188,3806557,4562189,2039726,704801,,42336045,3786932,1085,2032208,1008,4373722,3443,2332448,-4103
531,20231209,832,1019,514,91,,9903,3807389,4563208,2040240,704892,,42345948,3789588,2656,2032971,763,4345780,-27942,2285627,-46821
532,20231210,3164,3813,1404,484,,30025,3810553,4567021,2041644,705376,,42375973,3802617,13029,2035487,2516,4325031,-20749,2347067,61440
533,20231211,3559,4307,1462,545,,32772,3814112,4571328,2043106,705921,,42408745,3794060,-8557,2035539,52,4330338,5307,2355300,8233
534,20231212,3357,4083,1562,650,,31409,3817469,4575411,2044668,706571,,42440154,3797733,3673,2037278,1739,4357738,27400,2361053,5753
535,20231213,3327,4267,1467,586,,35385,3820796,4579678,2046135,707157,,42475539,3810540,12807,2039878,2600,4383744,26006,2362028,975
536,20231214,3168,3928,1562,575,,29885,3823964,4583606,2047697,707732,,42505424,3814042,3502,2042538,2660,4224014,-159730,2362431,403
537,20231215,1121,1285,782,115,,10112,3825085,4584891,2048479,707847,,42515536,3814967,925,2043582,1044,4060918,-163096,2357084,-5347
538,20231216,966,1080,746,75,,9444,3826051,4585971,2049225,707922,,42524980,3816612,1645,2044520,938,3620461,-440457,2308639,-48445
539,20231217,3588,4083,1738,548,,31691,3829639,4590054,2050963,708470,,42556671,3833515,16903,2046908,2388,3592457,-28004,2363798,55159
540,20231218,4116,4357,1729,565,,34306,3833755,4594411,2052692,709035,,42590977,3827698,-5817,2046957,49,3596867,4410,2365509,1711
541,20231219,3439,4490,1700,606,,33511,3837194,4598901,2054392,709641,,42624488,3830592,2894,2047491,534,3622582,25715,2367435,1926
542,20231220,3509,4165,1616,536,,32010,3840703,4603066,2056008,710177,,42656498,3833068,2476,2048871,1380,3651048,28466,2367778,343
543,20231221,2890,3587,1481,483,,31241,3843593,4606653,2057489,710660,,42687739,3836961,3893,2051251,2380,3656360,5312,2366075,-1703
544,20231222,1192,1389,790,115,,10623,3844785,4608042,2058279,710775,,42698362,3838818,1857,2052491,1240,3653173,-3187,2357518,-8557
545,20231223,1136,1208,797,108,,10811,3845921,4609250,2059076,710883,,42709173,3850471,11653,2053482,991,3622989,-30184,2309055,-48463
546,20231224,3497,4191,1671,538,,32318,3849418,4613441,2060747,711421,,42741491,3852953,2482,2056252,2770,3598598,-24391,2369547,60492
547,20231225,3547,3959,1665,545,,32036,3852965,4617400,2062412,711966,,42773527,3846121,-6832,2056593,341,3598177,-421,2425341,55794
548,20231226,3260,3925,1594,590,,27377,3856225,4621325,2064006,712556,,42800904,3851460,5339,2059499,2906,3618882,20705,2429368,4027
549,20231227,3582,4566,1705,688,,38759,3859807,4625891,2065711,713244,,42839663,3871836,20376,2061542,2043,3652239,33357,2434277,4909
550,20231228,3187,4124,1550,639,,32951,3862994,4630015,2067261,713883,,42872614,3882101,10265,2065484,3942,3656498,4259,2434792,515
551,20231229,1249,1464,840,159,,11791,3864243,4631479,2068101,714042,,42884405,3867142,-14959,2069312,3828,3656590,92,2429485,-5307
552,20231230,1149,1378,767,127,,6068,3865392,4632857,2068868,714169,,42890473,3870586,3444,2070507,1195,3622734,-33856,2383606,-45879
553,20240101,3282,4112,1745,628,,35913,3868674,4636969,2070613,714797,,42926386,3921016,50430,2070574,67,3598384,-24350,2448383,64777
554,20240102,3773,4313,1733,544,,43464,3872447,4641282,2072346,715341,,42969850,3897260,-23756,2075272,4698,3600454,2070,2455520,7137
555,20240103,3688,4442,1774,580,,35355,3876135,4645724,2074120,715921,,43005205,3900028,2768,2076122,850,3624397,23943,2462570,7050
556,20240104,3837,4824,1729,618,,33112,3879972,4650548,2075849,716539,,43038317,3891661,-8367,2078971,2849,3651572,27175,2467826,5256
557,20240105,3063,3753,1500,560,,31900,3883035,4654301,2077349,717099,,43070217,3898187,6526,2081370,2399,3664905,13333,2468363,537
558,20240106,1357,1475,828,131,,25112,3884392,4655776,2078177,717230,,43095329,3896637,-1550,2082725,1355,3669600,4695,2463438,-4925
559,20240107,1237,1294,834,113,,11951,3885629,4657070,2079011,717343,,43107280,3911064,14427,2082490,-235,3658129,-11471,2419344,-44094
560,20240108,3463,4402,1783,667,,35122,3889092,4661472,2080794,718010,,43142402,3911884,820,2085208,2718,3633310,-24819,2483816,64472
561,20240109,3679,4759,1819,600,,34903,3892771,4666231,2082613,718610,,43177305,3913311,1427,2084736,-472,3638382,5072,2493219,9403
562,20240110,3565,4224,1668,607,,32998,3896336,4670455,2084281,719217,,43210303,3916082,2771,2087256,2520,3663429,25047,2495932,2713
563,20240111,3497,4412,1639,549,,31889,3899833,4674867,2085920,719766,,43242192,3916804,722,2086051,-1205,3692010,28581,2496292,360
564,20240112,3075,3804,1473,542,,25755,3902908,4678671,2087393,720308,,43267947,3920463,3659,2092445,6394,3696280,4270,2496104,-188
565,20240113,1213,1373,780,115,,15067,3904121,4680044,2088173,720423,,43283014,3915903,-4560,2093704,1259,3694511,-1769,2485793,-10311
566,20240114,1054,1153,754,83,,10111,3905175,4681197,2088927,720506,,43293125,3936508,20605,2093724,20,3670685,-23826,2437314,-48479
567,20240115,2955,3912,1643,548,,31222,3908130,4685109,2090570,721054,,43324347,3937084,576,2095047,1323,3643270,-27415,2493426,56112
568,20240116,3600,4496,1732,590,,35445,3911730,4689605,2092302,721644,,43359792,3928987,-8097,2095049,2,3648145,4875,2548107,54681
569,20240117,3413,4174,1677,590,,31860,3915143,4693779,2093979,722234,,43391652,3931974,2987,2095551,502,3671061,22916,2552258,4151
570,20240118,3950,4460,1665,570,,32721,3919093,4698239,2095644,722804,,43424373,3941006,9032,2097541,1990,3699129,28068,2554246,1988
571,20240119,1181,1274,667,244,,23660,3920274,4699513,2096311,723048,,43448033,3943988,2982,2099353,1812,3703278,4149,2554605,359
572,20240120,1228,1444,820,141,,12625,3921502,4700957,2097131,723189,,43460658,3944930,942,2100796,1443,3686941,-16337,2504934,-49671
573,20240121,1158,1396,793,101,,11546,3922660,4702353,2097924,723290,,43472204,3959799,14869,2100271,-525,3661923,-25018,2463214,-41720
574,20240122,3833,4726,1803,632,,35070,3926493,4707079,2099727,723922,,43507274,3959621,-178,2103014,2743,3635755,-26168,2533528,70314
575,20240123,3823,4714,1714,566,,33848,3930316,4711793,2101441,724488,,43541122,3952821,-6800,2102732,-282,3640880,5125,2547126,13598
576,20240124,3791,4974,1813,702,,35347,3934107,4716767,2103254,725190,,43576469,3955812,2991,2105384,2652,3670591,29711,2553750,6624
577,20240125,3503,4404,1700,612,,34007,3937610,4721171,2104954,725802,,43610476,3962323,6511,2107640,2256,3701034,30443,2554366,616
578,20240126,2963,3910,1552,568,,31223,3940573,4725081,2106506,726370,,43641699,3964336,2013,2111836,4196,3719022,17988,2554915,549
579,20240127,1134,1291,795,116,,11474,3941707,4726372,2107301,726486,,43653173,3964793,457,2113047,1211,3723547,4525,2550376,-4539
580,20240128,1082,1323,776,102,,11055,3942789,4727695,2108077,726588,,43664228,3981246,16453,2112253,-794,3698753,-24794,2497926,-52450
581,20240129,3214,4029,1633,542,,37777,3946003,4731724,2109710,727130,,43702005,3983962,2716,2114405,2152,3678205,-20548,2552957,55031
582,20240130,4015,4276,1768,607,,32907,3950018,4736000,2111478,727737,,43734912,3998600,14638,2115155,750,3684583,6378,2553514,557
583,20240131,3587,4531,1621,560,,31426,3953605,4740531,2113099,728297,,43766338,4000094,1494,2117698,2543,3717490,32907,2554197,683
584,20240201,3496,4092,1599,569,,33420,3957101,4744623,2114698,728866,,43799758,4002618,2524,2117707,9,3745131,27641,2549742,-4455
585,20240202,2847,3633,1475,508,,30708,3959948,4748256,2116173,729374,,43830466,4050978,48360,2119994,2287,3745491,360,2545246,-4496
586,20240203,1107,1287,803,131,,26070,3961055,4749543,2116976,729505,,43856536,4029665,-21313,2126026,6032,3754352,8861,2535808,-9438
587,20240204,992,1096,752,70,,11727,3962047,4750639,2117728,729575,,43868263,4044496,14831,2126677,651,3720087,-34265,2485466,-50342
588,20240205,3324,3803,1746,548,,27351,3965371,4754442,2119474,730123,,43895614,4046140,1644,2129034,2357,3694664,-25423,2546141,60675
589,20240206,4225,4647,2061,611,,56076,3969596,4759089,2121535,730734,,43951690,4024331,-21809,2129041,7,3695457,793,2551652,5511
590,20240207,3744,4414,1920,566,,27129,3973340,4763503,2123455,731300,,43978819,4026646,2315,2129210,169,3722219,26762,2552192,540
591,20240208,3840,4625,1997,600,,36274,3977180,4768128,2125452,731900,,44015093,4005503,-21143,2131622,2412,3749562,27343,2550156,-2036
592,20240209,3139,4081,1719,529,,26362,3980319,4772209,2127171,732429,,44041455,4007947,2444,2135089,3467,3754787,5225,2550520,364
593,20240210,1526,1530,1040,132,,17311,3981845,4773739,2128211,732561,,44058766,4012554,4607,2136342,1253,3754834,47,2542520,-8000
594,20240211,1413,1418,1076,103,,11138,3983258,4775157,2129287,732664,,44069904,4027082,14528,2135700,-642,3728096,-26738,2494931,-47589
595,20240212,3332,3992,1667,512,,29862,3986590,4779149,2130954,733176,,44099766,4029093,2011,2137930,2230,3704600,-23496,2550030,55099
596,20240213,3522,4072,1638,564,,30678,3990112,4783221,2132592,733740,,44130444,4020638,-8455,2137930,0,3701759,-2841,2550546,516
597,20240214,3539,4283,1672,637,,28846,3993651,4787504,2134264,734377,,44159290,4023642,3004,2138810,880,3728675,26916,2547933,-2613
598,20240215,3873,4243,1676,580,,32863,3997524,4791747,2135940,734957,,44192153,4032203,8561,2141126,2316,3757180,28505,2548931,998
599,20240216,3007,3959,1503,602,,39321,4000531,4795706,2137443,735559,,44231474,4035233,3030,2144887,3761,3761717,4537,2549276,345
600,20240217,1115,1300,775,88,,10467,4001646,4797006,2138218,735647,,44241941,4035844,611,2146043,1156,3765138,3421,2540590,-8686
601,20240218,1028,1394,797,119,,11029,4002674,4798400,2139015,735766,,44252970,4048611,12767,2145847,-196,3737504,-27634,2490971,-49619
602,20240219,3340,4042,1682,530,,31410,4006014,4802442,2140697,736296,,44284380,4049756,1145,2148839,2992,3713373,-24131,2547438,56467
603,20240220,3714,4338,1749,549,,27709,4009728,4806780,2142446,736845,,44312089,4042573,-7183,2148840,1,3716667,3294,2547885,447
604,20240221,3587,4411,1704,614,,35206,4013315,4811191,2144150,737459,,44347295,4044908,2335,2151252,2412,3746144,29477,2546582,-1303
605,20240222,3433,4435,1607,654,,36479,4016748,4815626,2145757,738113,,44383774,4052810,7902,2153168,1916,3775702,29558,2544870,-1712
606,20240223,3029,3688,1506,520,,32551,4019777,4819314,2147263,738633,,44416325,4056784,3974,2156382,3214,3781079,5377,2543759,-1111
607,20240224,1164,1339,826,146,,11807,4020941,4820653,2148089,738779,,44428132,4055707,-1077,2157475,1093,3778606,-2473,2528542,-15217
608,20240225,982,1102,744,91,,8994,4021923,4821755,2148833,738870,,44437126,4067049,11342,2158206,731,3755036,-23570,2477329,-51213
609,20240226,1258,1380,856,139,,12509,4023181,4823135,2149689,739009,,44449635,4066757,-292,2158752,546,3732559,-22477,2474103,-3226
610,20240227,3105,3876,1581,577,,25752,4026286,4827011,2151270,739586,,44475387,4062176,-4581,2158752,0,3705447,-27112,2474337,234
611,20240228,3349,4145,1653,584,,35792,4029635,4831156,2152923,740170,,44511179,4070115,7939,2160284,1532,3727393,21946,2469499,-4838
612,20240229,3787,4214,1697,614,,36400,4033422,4835370,2154620,740784,,44547579,4085553,15438,2160410,126,3759475,32082,2464875,-4624
613,20240229,2981,3788,1466,557,,28453,4036403,4839158,2156086,741341,,44576032,4089477,3924,2166640,6230,3764767,5292,2464576,-299
614,20240229,1124,1294,808,102,,17164,4037527,4840452,2156894,741443,,44593196,4084555,-4922,2168226,1586,3763177,-1590,2459051,-5525
615,20240301,1046,1188,797,104,,5338,4038573,4841640,2157691,741547,,44598534,4089175,4620,2168971,745,3728702,-34475,2413052,-45999
616,20240302,2968,3741,1632,525,,32969,4041541,4845381,2159323,742072,,44631503,4148938,59763,2175862,6891,3701262,-27440,2473220,60168
617,20240303,3505,4308,1672,580,,41124,4045046,4849689,2160995,742652,,44672627,4117833,-31105,2175873,11,3707583,6321,2479774,6554
618,20240304,3345,4185,1677,596,,33616,4048391,4853874,2162672,743248,,44706243,4118053,220,2173047,-2826,3733636,26053,2483405,3631
619,20240305,3556,4030,1675,536,,35239,4051947,4857904,2164347,743784,,44741482,4110195,-7858,2175452,2405,3757625,23989,2486514,3109
620,20240306,2956,4028,1484,468,,48406,4054903,4861932,2165831,744252,,44789888,4113526,3331,2179239,3787,3775267,17642,2487103,589
621,20240307,1132,1406,802,96,,10956,4056035,4863338,2166633,744348,,44800844,4113167,-359,2180548,1309,3773024,-2243,2480103,-7000
622,20240308,1141,1286,823,99,,11646,4057176,4864624,2167456,744447,,44812490,4114820,1653,2180064,-484,3744628,-28396,2474770,-5333
623,20240309,3399,4299,1677,575,,27439,4060575,4868923,2169133,745022,,44839929,4127290,12470,2182533,2469,3721862,-22766,2534119,59349
624,20240310,3705,4138,1664,547,,39168,4064280,4873061,2170797,745569,,44879097,4128331,1041,2182535,2,3729336,7474,2534463,344
625,20240311,3711,4467,1767,589,,29473,4067991,4877528,2172564,746158,,44908570,4133368,5037,2181815,-720,3754120,24784,2527156,-7307
626,20240312,3458,4431,1681,565,,31865,4071449,4881959,2174245,746723,,44940435,4122034,-11334,2183696,1881,3781213,27093,2517606,-9550
627,20240313,2987,3762,1511,586,,36013,4074436,4885721,2175756,747309,,44976448,4122526,492,2187872,4176,3786260,5047,2506108,-11498
628,20240314,1189,1335,794,131,,12559,4075625,4887056,2176550,747440,,44989007,4128156,5630,2189303,1431,3788725,2465,2495444,-10664
629,20240315,1224,1410,800,107,,12058,4076849,4888466,2177350,747547,,45001065,4132080,3924,2188966,-337,3761564,-27161,2442574,-52870
630,20240316,3453,4194,1699,580,,27288,4080302,4892660,2179049,748127,,45028353,4149571,17491,2192115,3149,3740129,-21435,2504037,61463
631,20240317,3712,4752,1707,566,,37933,4084014,4897412,2180756,748693,,45066286,4143858,-5713,2192117,2,3762342,22213,2510341,6304
632,20240318,3480,4159,1708,554,,31962,4087494,4901571,2182464,749247,,45098248,4146869,3011,2194073,1956,3789086,26744,2510776,435
633,20240319,3886,4215,1713,580,,37886,4091380,4905786,2184177,749827,,45136134,4148984,2115,2196371,2298,3815752,26666,2508616,-2160
634,20240320,3240,4088,1553,575,,35695,4094620,4909874,2185730,750402,,45171829,4153516,4532,2200074,3703,3821810,6058,2507854,-762
635,20240321,1252,1539,824,153,,12138,4095872,4911413,2186554,750555,,45183967,4156993,3477,2201505,1431,3820662,-1148,2501851,-6003
636,20240322,1160,1400,812,126,,12430,4097032,4912813,2187366,750681,,45196397,4166648,9655,2201003,-502,3794649,-26013,2454870,-46981
637,20240323,3611,4267,1745,582,,28770,4100643,4917080,2189111,751263,,45225167,4171450,4802,2203110,2107,3769280,-25369,2516677,61807
638,20240324,3897,4478,1690,558,,40932,4104540,4921558,2190801,751821,,45266099,4169244,-2206,2203111,1,3775246,5966,2521180,4503
639,20240325,3767,4603,1689,650,,30531,4108307,4926161,2192490,752471,,45296630,4173833,4589,2203370,259,3801491,26245,2521760,580
640,20240326,3570,4680,1763,634,,35988,4111877,4930841,2194253,753105,,45332618,4170257,-3576,2206401,3031,3831820,30329,2525806,4046
641,20240327,3129,3914,1528,597,,37420,4115006,4934755,2195781,753702,,45370038,4182969,12712,2210226,3825,3837143,5323,2526314,508
642,20240328,1248,1502,822,146,,11843,4116254,4936257,2196603,753848,,45381881,4186944,3975,2211893,1667,3839302,2159,2519484,-6830
643,20240329,1104,1320,799,137,,6552,4117358,4937577,2197402,753985,,45388433,4191076,4132,2214322,2429,3812964,-26338,2473712,-45772
644,20240330,3306,4317,1730,625,,34897,4120664,4941894,2199132,754610,,45423330,4204988,13912,2217515,3193,3793522,-19442,2539262,65550
645,20240401,3801,4372,1882,541,,36120,4124465,4946266,2201014,755151,,45459450,4253815,48827,2217523,8,3799894,6372,2546164,6902
646,20240402,3850,4249,1715,543,,42664,4128315,4950515,2202729,755694,,45502114,4256099,2284,2221227,3704,3819262,19368,2553302,7138
647,20240403,3659,4524,1763,563,,33149,4131974,4955039,2204492,756257,,45535263,4202823,-53276,2221415,188,3851502,32240,2556451,3149
648,20240404,2861,3872,1566,571,,38697,4134835,4958911,2206058,756828,,45573960,4203828,1005,2225429,4014,3856538,5036,2556949,498
649,20240405,1210,1426,814,105,,27918,4136045,4960337,2206872,756933,,45601878,4205377,1549,2226738,1309,3861740,5202,2550301,-6648
650,20240406,1284,1457,843,137,,13817,4137329,4961794,2207715,757070,,45615695,4213141,7764,2226304,-434,3836840,-24900,2501323,-48978
651,20240407,3683,4412,1746,587,,27569,4141012,4966206,2209461,757657,,45643264,4222436,9295,2229180,2876,3819534,-17306,2564927,63604
652,20240408,4093,4498,1764,616,,42437,4145105,4970704,2211225,758273,,45685701,4205143,-17293,2229182,2,3825357,5823,2576085,11158
653,20240409,3828,4661,1766,616,,28506,4148933,4975365,2212991,758889,,45714207,4208467,3324,2229771,589,3848963,23606,2580463,4378
654,20240410,3873,4669,1702,562,,37920,4152806,4980034,2214693,759451,,45752127,4219419,10952,2232484,2713,3875775,26812,2583575,3112
655,20240411,3041,3947,1534,577,,33217,4155847,4983981,2216227,760028,,45785344,4223487,4068,2236769,4285,3881582,5807,2584000,425
656,20240412,1325,1525,849,147,,11479,4157172,4985506,2217076,760175,,45796823,4219558,-3929,2238239,1470,3886973,5391,2576720,-7280
657,20240413,1136,1400,801,121,,12057,4158308,4986906,2217877,760296,,45808880,4234108,14550,2238268,29,3863727,-23246,2532966,-43754
658,20240414,3418,4392,1749,615,,28666,4161726,4991298,2219626,760911,,45837546,4235009,901,2241314,3046,3843651,-20076,2601987,69021
659,20240415,3808,4502,1724,588,,35710,4165534,4995800,2221350,761499,,45873256,4232019,-2990,2241316,2,3849944,6293,2664830,62843
660,20240416,3978,4798,1767,631,,36839,4169512,5000598,2223117,762130,,45910095,4235094,3075,2243881,2565,3871759,21815,2676505,11675
661,20240417,3349,4091,1621,588,,35485,4172861,5004689,2224738,762718,,45945580,4241754,6660,2247170,3289,3898369,26610,2676863,358
662,20240418,3192,4356,1671,683,,30744,4176053,5009045,2226409,763401,,45976324,4244511,2757,2251563,4393,3903795,5426,2673556,-3307
663,20240419,1263,1437,833,112,,18941,4177316,5010482,2227242,763513,,45995265,4243771,-740,2253110,1547,3910285,6490,2672229,-1327
664,20240420,1383,1539,865,104,,12844,4178699,5012021,2228107,763617,,46008109,4251467,7696,2252803,-307,3889151,-21134,2622723,-49506
665,20240421,3834,4593,1863,609,,30882,4182533,5016614,2229970,764226,,46038991,4259715,8248,2255586,2783,3863854,-25297,2693704,70981
666,20240422,4040,4651,1782,620,,44096,4186573,5021265,2231752,764846,,46083087,4293517,33802,2255588,2,3870578,6724,2699266,5562
667,20240423,3701,4706,1783,661,,34619,4190274,5025971,2233535,765507,,46117706,4294741,1224,2258040,2452,3898388,27810,2704904,5638
668,20240424,3450,4758,1735,620,,35859,4193724,5030729,2235270,766127,,46153565,4303706,8965,2259986,1946,3927012,28624,2705250,346
669,20240425,3330,4006,1549,582,,32988,4197054,5034735,2236819,766709,,46186553,4306150,2444,2264239,4253,3953537,26525,2705243,-7
670,20240426,1168,1399,799,143,,10567,4198222,5036134,2237618,766852,,46197120,4302368,-3782,2265758,1519,3957607,4070,2696196,-9047
671,20240427,1230,1395,857,121,,10732,4199452,5037529,2238475,766973,,46207852,4326197,23829,2265421,-337,3937898,-19709,2647732,-48464
672,20240428,3530,4303,1813,663,,33125,4202982,5041832,2240288,767636,,46240977,4325805,-392,2268323,2902,3912365,-25533,2712537,64805
673,20240429,3912,4582,1815,648,,34197,4206894,5046414,2242103,768284,,46275174,4310322,-15483,2267069,-1254,3917256,4891,2718753,6216
674,20240430,3412,4391,1707,606,,30679,4210306,5050805,2243810,768890,,46305853,4331375,21053,2273250,6181,3936843,19587,2721677,2924
675,20240430,3640,4531,1761,622,,29669,4213946,5055336,2245571,769512,,46335522,4330239,-1136,2273251,1,3966882,30039,2723222,1545
676,20240501,2965,3548,1498,574,,29196,4216911,5058884,2247069,770086,,46364718,4388748,58509,2280360,7109,3967320,438,2723497,275
677,20240502,608,673,494,52,,6402,4217519,5059557,2247563,770138,,46371120,4337951,-50797,2284260,3900,3964594,-2726,2716356,-7141
678,20240503,1248,1378,862,116,,9328,4218767,5060935,2248425,770254,,46380448,4340485,2534,2284260,0,3925814,-38780,2660357,-55999
679,20240504,3337,4402,1829,643,,35752,4222104,5065337,2250254,770897,,46416200,4357915,17430,2286475,2215,3902704,-23110,2724649,64292
680,20240505,4121,4673,1928,629,,46938,4226225,5070010,2252182,771526,,46463138,4341042,-16873,2286477,2,3910631,7927,2732091,7442
681,20240506,3807,4506,1726,626,,34462,4230032,5074516,2253908,772152,,46497600,4344847,3805,2285957,-520,3935989,25358,2736404,4313
682,20240507,3809,4890,1790,702,,35039,4233841,5079406,2255698,772854,,46532639,4349726,4879,2288479,2522,3966255,30266,2745373,8969
683,20240508,3298,4428,1714,642,,37609,4237139,5083834,2257412,773496,,46570248,4352271,2545,2292956,4477,3972800,6545,2745882,509
684,20240509,1460,1610,844,155,,12518,4238599,5085444,2258256,773651,,46582766,4350199,-2072,2294447,1491,3976707,3907,2743204,-2678
685,20240510,1254,1347,852,117,,11034,4239853,5086791,2259108,773768,,46593800,4366333,16134,2294405,-42,3948679,-28028,2695158,-48046
686,20240511,3689,4234,1819,639,,36127,4243542,5091025,2260927,774407,,46629927,4367680,1347,2297706,3301,3929046,-19633,2759505,64347
687,20240512,4315,4904,1905,690,,39580,4247857,5095929,2262832,775097,,46669507,4365400,-2280,2296615,-1091,3935076,6030,2768248,8743
688,20240513,3810,4658,1799,590,,33740,4251667,5100587,2264631,775687,,46703247,4368473,3073,2300234,3619,3959744,24668,2771201,2953
689,20240514,3970,5189,1796,693,,36983,4255637,5105776,2266427,776380,,46740230,4374382,5909,2302912,2678,3988998,29254,2775826,4625
690,20240515,3517,4222,1636,626,,37056,4259154,5109998,2268063,777006,,46777286,4382908,8526,2307304,4392,3996616,7618,2776422,596
691,20240516,1434,1450,859,145,,12645,4260588,5111448,2268922,777151,,46789931,4384249,1341,2308895,1591,4001929,5313,2771130,-5292
692,20240517,1329,1416,847,112,,11684,4261917,5112864,2269769,777263,,46801615,4399738,15489,2308930,35,3972851,-29078,2721668,-49462
693,20240518,3790,4467,1895,680,,37845,4265707,5117331,2271664,777943,,46839460,4400741,1003,2312145,3215,3952524,-20327,2790792,69124
694,20240519,3892,4882,1839,688,,40336,4269599,5122213,2273503,778631,,46879796,4389336,-11405,2311795,-350,3961662,9138,2799745,8953
695,20240520,3986,4897,1815,619,,35581,4273585,5127110,2275318,779250,,46915377,4397745,8409,2315076,3281,3989251,27589,2808036,8291
696,20240521,3880,4833,1870,706,,32419,4277465,5131943,2277188,779956,,46947796,4409295,11550,2317368,2292,4019600,30349,2812435,4399
697,20240522,3134,3888,1621,576,,38425,4280599,5135831,2278809,780532,,46986221,4411832,2537,2321880,4512,4025673,6073,2812901,466
698,20240523,1461,1559,871,126,,12984,4282060,5137390,2279680,780658,,46999205,4405006,-6826,2323337,1457,4029066,3393,2805768,-7133
699,20240524,1358,1497,874,149,,13170,4283418,5138887,2280554,780807,,47012375,4422000,16994,2324405,1068,3997821,-31245,2758717,-47051
700,20240525,3818,4570,1845,613,,36951,4287236,5143457,2282399,781420,,47049326,4421719,-281,2327545,3140,3977970,-19851,2827876,69159
701,20240526,4008,4579,1831,665,,37624,4291244,5148036,2284230,782085,,47086950,4415535,-6184,2327545,0,3983092,5122,2832273,4397
702,20240527,4098,4910,1890,713,,34576,4295342,5152946,2286120,782798,,47121526,4419044,3509,2330929,3384,4010384,27292,2838184,5911
703,20240528,3949,4987,1814,677,,41200,4299291,5157933,2287934,783475,,47162726,4452869,33825,2334249,3320,4046057,35673,2845393,7209
704,20240529,3325,4303,1687,695,,31484,4302616,5162236,2289621,784170,,47194210,4458655,5786,2340644,6395,4051058,5001,2845756,363
705,20240530,1458,1454,812,121,,16845,4304074,5163690,2290433,784291,,47211055,4434768,-23887,2342100,1456,4053819,2761,2836039,-9717
706,20240601,1102,1270,777,108,,6471,4305176,5164960,2291210,784399,,47217526,4445353,10585,2344834,2734,4026085,-27734,2784679,-51360
707,20240602,3808,4458,1805,703,,39363,4308984,5169418,2293015,785102,,47256889,4522448,77095,2348518,3684,3998196,-27889,2848753,64074
708,20240603,3745,4538,1786,700,,47136,4312729,5173956,2294801,785802,,47304025,4453515,-68933,2348524,6,4006984,8788,2850952,2199
709,20240604,3611,4500,1755,622,,39883,4316340,5178456,2296556,786424,,47343908,4454691,1176,2343774,-4750,4027386,20402,2853751,2799
710,20240605,3832,4590,1821,652,,35868,4320172,5183046,2298377,787076,,47379776,4468183,13492,2346239,2465,4053322,25936,2854107,356
711,20240606,3154,4021,1593,598,,38812,4323326,5187067,2299970,787674,,47418588,4472812,4629,2349971,3732,4059644,6322,2850531,-3576
712,20240607,1295,1366,840,122,,25114,4324621,5188433,2300810,787796,,47443702,4460941,-11871,2351349,1378,4078754,19110,2848564,-1967
713,20240608,1120,1190,789,104,,11642,4325741,5189623,2301599,787900,,47455344,4476761,15820,2351103,-246,4048186,-30568,2792254,-56310
714,20240609,3330,4371,1771,701,,33124,4329071,5193994,2303370,788601,,47488468,4476323,-438,2353882,2779,4026551,-21635,2853693,61439
715,20240610,3741,4553,1830,685,,39800,4332812,5198547,2305200,789286,,47528268,4465131,-11192,2353884,2,4032893,6342,2854137,444
716,20240611,3698,4693,1706,680,,35574,4336510,5203240,2306906,789966,,47563842,4466434,1303,2356108,2224,4059994,27101,2854735,598
717,20240612,3624,4642,1799,657,,34555,4340134,5207882,2308705,790623,,47598397,4478306,11872,2357977,1869,4088175,28181,2855237,502
718,20240613,2879,3638,1528,590,,32417,4343013,5211520,2310233,791213,,47630814,4482020,3714,2362149,4172,4093986,5811,2847606,-7631
719,20240614,1124,1460,788,133,,13615,4344137,5212980,2311021,791346,,47644429,4483418,1398,2363457,1308,4097211,3225,2835316,-12290
720,20240615,1068,1338,792,138,,12289,4345205,5214318,2311813,791484,,47656718,4490926,7508,2362944,-513,4070952,-26259,2783573,-51743
721,20240616,3559,4495,1733,690,,30990,4348764,5218813,2313546,792174,,47687708,4504970,14044,2366182,3238,4046255,-24697,2846665,63092
722,20240617,3536,4609,1785,736,,43856,4352300,5223422,2315331,792910,,47731564,4489383,-15587,2366183,1,4054627,8372,2847075,410
723,20240618,3173,4056,1718,678,,33452,4355473,5227478,2317049,793588,,47765016,4493200,3817,2367022,839,4077594,22967,2845797,-1278
724,20240619,2856,4094,1504,605,,32160,4358329,5231572,2318553,794193,,47797176,4502218,9018,2367022,0,4102719,25125,2840491,-5306
725,20240620,2594,3445,1505,573,,32787,4360923,5235017,2320058,794766,,47829963,4507629,5411,2370407,3385,4108950,6231,2835140,-5351
726,20240621,1024,1223,760,130,,12835,4361947,5236240,2320818,794896,,47842798,4511126,3497,2371629,1222,4111594,2644,2823012,-12128
727,20240622,875,1093,720,99,,10671,4362822,5237333,2321538,794995,,47853469,4525824,14698,2371159,-470,4078776,-32818,2775947,-47065
728,20240623,2040,2741,1293,410,,25892,4364862,5240074,2322831,795405,,47879361,4528117,2293,2371932,773,4052423,-26353,2818971,43024
729,20240624,926,1287,864,151,,15477,4365788,5241361,2323695,795556,,47894838,4507794,-20323,2371932,0,4049536,-2887,2819235,264
730,20240625,657,668,628,22,,7376,4366445,5242029,2324323,795578,,47902214,4507833,39,2367037,-4895,4027135,-22401,2766653,-52582
731,20240626,801,869,678,64,,11187,4367246,5242898,2325001,795642,,47913401,4517651,9818,2366620,-417,4021670,-5465,2691534,-75119
732,20240627,1159,1533,885,151,,15883,4368405,5244431,2325886,795793,,47929284,4517573,-78,2367945,1325,4021668,-2,2619949,-71585
733,20240628,1061,1200,781,89,,10866,4369466,5245631,2326667,795882,,47940150,4515544,-2029,2368920,975,4004889,-16779,2570497,-49452
734,20240629,929,1088,750,91,,10561,4370395,5246719,2327417,795973,,47950711,4539429,23885,2367871,-1049,3978960,-25929,2511595,-58902
735,20240630,1525,2134,1062,244,,13999,4371920,5248853,2328479,796217,,47964710,4555521,16092,2371102,3231,3957167,-21793,2535322,23727
736,20240630,1151,1711,997,171,,24715,4373071,5250564,2329476,796388,,47989425,4525107,-30414,2371104,2,3949375,-7792,2535659,337
737,20240701,842,964,739,89,,5114,4373913,5251528,2330215,796477,,47994539,4528052,2945,2367582,-3522,3939708,-9667,2492806,-42853
738,20240702,2038,2629,1362,369,,25255,4375951,5254157,2331577,796846,,48019794,4607380,79328,2367582,0,3961013,21305,2421365,-71441
739,20240703,2226,2792,1422,410,,38516,4378177,5256949,2332999,797256,,48058310,4610328,2948,2368582,1000,3968667,7654,2399605,-21760
740,20240704,1242,1437,848,114,,37480,4379419,5258386,2333847,797370,,48095790,4542527,-67801,2370991,2409,3974940,6273,2379130,-20475
741,20240705,1205,1376,827,99,,11843,4380624,5259762,2334674,797469,,48107633,4557369,14842,2370702,-289,3949617,-25323,2321921,-57209
742,20240706,2789,3387,1677,514,,31554,4383413,5263149,2336351,797983,,48139187,4559785,2416,2373210,2508,3925213,-24404,2380397,58476
743,20240707,3450,4193,1722,584,,29742,4386863,5267342,2338073,798567,,48168929,4552285,-7500,2373210,0,3925521,308,2381088,691
744,20240708,3647,3811,1689,465,,36827,4390510,5271153,2339762,799032,,48205756,4556196,3911,2373418,208,3943330,17809,2372859,-8229
745,20240709,3319,4040,1730,531,,32023,4393829,5275193,2341492,799563,,48237779,4555575,-621,2374886,1468,3968097,24767,2363895,-8964
746,20240710,2920,3536,1495,581,,29053,4396749,5278729,2342987,800144,,48266832,4562648,7073,2379422,4536,3973639,5542,2354763,-9132
747,20240711,1194,1542,591,155,,17947,4397943,5280271,2343578,800299,,48284779,4560447,-2201,2380877,1455,3973627,-12,2342111,-12652
748,20240712,1213,1451,649,188,,13650,4399156,5281722,2344227,800487,,48298429,4575027,14580,2380446,-431,3944692,-28935,2290637,-51474
749,20240713,3514,4031,1561,577,,29786,4402670,5285753,2345788,801064,,48328215,4576933,1906,2383352,2906,3923251,-21441,2355294,64657
750,20240714,3562,4120,1480,598,,38396,4406232,5289873,2347268,801662,,48366611,4573408,-3525,2383354,2,3928811,5560,2355626,332
751,20240715,3680,4427,1505,588,,40054,4409912,5294300,2348773,802250,,48406665,4581315,7907,2385194,1840,3958507,29696,2354410,-1216
752,20240716,3964,4254,1500,564,,36798,4413876,5298554,2350273,802814,,48443463,4586511,5196,2387186,1992,3987639,29132,2352500,-1910
753,20240717,3282,4192,1484,660,,37981,4417158,5302746,2351757,803474,,48481444,4590581,4070,2392057,4871,3993170,5531,2346569,-5931
754,20240718,1183,1560,610,175,,14324,4418341,5304306,2352367,803649,,48495768,4587713,-2868,2393565,1508,3993302,132,2334867,-11702
755,20240719,1271,1379,651,183,,12753,4419612,5305685,2353018,803832,,48508521,4605051,17338,2393306,-259,3961369,-31933,2287901,-46966
756,20240720,3485,4237,1657,698,,32073,4423097,5309922,2354675,804530,,48540594,4609566,4515,2396675,3369,3941938,-19431,2359102,71201
757,20240721,3836,4333,1554,633,,41243,4426933,5314255,2356229,805163,,48581837,4604124,-5442,2396677,2,3949334,7396,2360931,1829
758,20240722,3407,4533,1506,624,,39213,4430340,5318788,2357735,805787,,48621050,4607588,3464,2399148,2471,3975850,26516,2361511,580
759,20240723,3544,4572,1514,648,,31614,4433884,5323360,2359249,806435,,48652664,4617913,10325,2401056,1908,4005877,30027,2361661,150
760,20240724,2983,4178,1413,671,,39729,4436867,5327538,2360662,807106,,48692393,4622025,4112,2405790,4734,4010920,5043,2360530,-1131
761,20240725,980,1356,556,141,,12186,4437847,5328894,2361218,807247,,48704579,4616890,-5135,2407242,1452,4011568,648,2354098,-6432
762,20240726,1248,1429,625,161,,12874,4439095,5330323,2361843,807408,,48717453,4619212,2322,2407532,290,3983104,-28464,2307219,-46879
763,20240727,3340,3996,1578,647,,38097,4442435,5334319,2363421,808055,,48755550,4635415,16203,2410584,3052,3958978,-24126,2374102,66883
764,20240728,3601,4370,1534,605,,32063,4446036,5338689,2364955,808660,,48787613,4623792,-11623,2410584,0,3960727,1749,2376102,2000
765,20240729,3535,4526,1644,630,,59580,4449571,5343215,2366599,809290,,48847193,4634257,10465,2412345,1761,4015754,55027,2381951,5849
766,20240730,3457,4418,1530,675,,37061,4453028,5347633,2368129,809965,,48884254,4669088,34831,2417680,5335,4045623,29869,2382484,533
767,20240731,3053,3853,1450,660,,33905,4456081,5351486,2369579,810625,,48918159,4667270,-1818,2422474,4794,4050696,5073,2382858,374
768,20240801,837,1220,470,120,,15617,4456918,5352706,2370049,810745,,48933776,4645700,-21570,2426999,4525,4047031,-3665,2379780,-3078
769,20240802,1127,1456,635,163,,8104,4458045,5354162,2370684,810908,,48941880,4661955,16255,2427037,38,4008080,-38951,2333648,-46132
770,20240803,3184,3822,1545,633,,36906,4461229,5357984,2372229,811541,,48978786,4724803,62848,2431457,4420,3979286,-28794,2402533,68885
771,20240804,3862,4206,1636,677,,58570,4465091,5362190,2373865,812218,,49037356,4657326,-67477,2431465,8,4004121,24835,2405767,3234
772,20240805,3237,3915,1473,544,,38732,4468328,5366105,2375338,812762,,49076088,4660856,3530,2427994,-3471,4023465,19344,2406276,509
773,20240806,3508,4497,1547,647,,36665,4471836,5370602,2376885,813409,,49112753,4670921,10065,2429600,1606,4052859,29394,2409611,3335
774,20240807,3115,4071,1387,605,,39419,4474951,5374673,2378272,814014,,49152172,4673851,2930,2434143,4543,4057220,4361,2411673,2062
775,20240808,1129,1638,629,220,,14634,4476080,5376311,2378901,814234,,49166806,4663391,-10460,2435995,1852,4058445,1225,2412067,394
776,20240809,1087,1308,633,171,,11700,4477167,5377619,2379534,814405,,49178506,4679802,16411,2435699,-296,4029174,-29271,2371301,-40766
777,20240810,3344,4099,1552,597,,36187,4480511,5381718,2381086,815002,,49214693,4682364,2562,2438367,2668,4001426,-27748,2443197,71896
778,20240811,3696,4392,1570,620,,31942,4484207,5386110,2382656,815622,,49246635,4671120,-11244,2438367,0,4008916,7490,2472459,29262
779,20240812,4114,4366,1657,639,,40508,4488321,5390476,2384313,816261,,49287143,4674396,3276,2441179,2812,4037257,28341,2528120,55661
780,20240813,3665,4443,1589,661,,31389,4491986,5394919,2385902,816922,,49318532,4686621,12225,2443795,2616,4064960,27703,2601204,73084
781,20240814,3287,3873,1369,578,,37283,4495273,5398792,2387271,817500,,49355815,4688430,1809,2447830,4035,4068804,3844,2660139,58935
782,20240815,1084,1270,624,175,,12087,4496357,5400062,2387895,817675,,49367902,4694834,6404,2449271,1441,4069972,1168,2660577,438
783,20240816,989,1270,575,150,,12187,4497346,5401332,2388470,817825,,49380089,4713766,18932,2449084,-187,4034030,-35942,2647461,-13116
784,20240817,3700,4219,1567,617,,28684,4501046,5405551,2390037,818442,,49408773,4716652,2886,2452487,3403,4009540,-24490,2718717,71256
785,20240818,3554,4225,1602,644,,44545,4504600,5409776,2391639,819086,,49453318,4700890,-15762,2452492,5,4017974,8434,2756086,37369
786,20240819,3894,4711,1633,679,,34356,4508494,5414487,2393272,819765,,49487674,4691707,-9183,2455193,2701,4049749,31775,2802266,46180
787,20240820,3740,4849,1659,761,,41107,4512234,5419336,2394931,820526,,49528781,4705561,13854,2455857,664,4075135,25386,2873480,71214
788,20240821,2872,3834,1397,619,,34630,4515106,5423170,2396328,821145,,49563411,4709918,4357,2460172,4315,4081794,6659,2882566,9086
789,20240822,1125,1463,622,169,,12279,4516231,5424633,2396950,821314,,49575690,4713599,3681,2461814,1642,4086387,4593,2882976,410
790,20240823,1155,1441,673,157,,12698,4517386,5426074,2397623,821471,,49588388,4724409,10810,2461857,43,4084013,-2374,2841901,-41075
791,20240824,3521,4133,1625,625,,32360,4520907,5430207,2399248,822096,,49620748,4729413,5004,2464605,2748,4118960,34947,2911152,69251
792,20240825,3363,4311,1555,682,,35697,4524270,5434518,2400803,822778,,49656445,4712906,-16507,2464608,3,4144853,25893,2918469,7317
793,20240826,3504,3871,1614,655,,35640,4527774,5438389,2402417,823433,,49692085,4722091,9185,2467291,2683,4176492,31639,2920757,2288
794,20240827,3917,4729,1596,677,,36166,4531691,5443118,2404013,824110,,49728251,4759118,37027,2471105,3814,4204860,28368,2926576,5819
795,20240828,2952,3952,1351,623,,35201,4534643,5447070,2405364,824733,,49763452,4761834,2716,2476119,5014,4226419,21559,2927156,580
796,20240901,1009,1324,588,159,,13285,4535652,5448394,2405952,824892,,49776737,4743545,-18289,2480900,4781,4232084,5665,2923621,-3535
797,20240902,1121,1510,634,159,,12498,4536773,5449904,2406586,825051,,49789235,4751464,7919,2481367,467,4220398,-11686,2871061,-52560
798,20240903,3585,4262,1618,616,,39265,4540358,5454166,2408204,825667,,49828500,4824302,72838,2485424,4057,4233548,13150,2939197,68136
799,20240904,3783,4402,1608,645,,48027,4544141,5458568,2409812,826312,,49876527,4760039,-64263,2485431,7,4242571,9023,2939853,656
800,20240905,3778,4860,1593,673,,44354,4547919,5463428,2411405,826985,,49920881,4763870,3831,2483063,-2368,4260406,17835,2943703,3850
801,20240906,3450,4738,1599,666,,42729,4551369,5468166,2413004,827651,,49963610,4774525,10655,2485563,2500,4300330,39924,2946627,2924
802,20240907,3366,4367,1493,681,,41740,4554735,5472533,2414497,828332,,50005350,4776293,1768,2489698,4135,4305396,5066,2947192,565
803,20240908,1308,1488,616,173,,14944,4556043,5474021,2415113,828505,,50020294,4763522,-12771,2491456,1758,4310802,5406,2941409,-5783
804,20240909,1016,1252,561,151,,12053,4557059,5475273,2415674,828656,,50032347,4775033,11511,2491392,-64,4288447,-22355,2886054,-55355
805,20240910,3579,4421,1619,675,,30221,4560638,5479694,2417293,829331,,50062568,4777481,2448,2494523,3131,4268326,-20121,2948781,62727
806,20240911,4270,4801,1692,739,,41157,4564908,5484495,2418985,830070,,50103725,4771884,-5597,2494525,2,4280335,12009,2955339,6558
807,20240912,3883,4642,1653,681,,37930,4568791,5489137,2420638,830751,,50141655,4775005,3121,2497220,2695,4310524,30189,2959099,3760
808,20240913,3969,4843,1644,688,,37097,4572760,5493980,2422282,831439,,50178752,4787071,12066,2500191,2971,4339693,29169,2963415,4316
809,20240914,3257,3886,1392,628,,39738,4576017,5497866,2423674,832067,,50218490,4788642,1571,2504367,4176,4344336,4643,2963931,516
810,20240915,1259,1444,635,184,,13403,4577276,5499310,2424309,832251,,50231893,4793988,5346,2506131,1764,4348589,4253,2956324,-7607
811,20240916,988,1196,595,143,,11770,4578264,5500506,2424904,832394,,50243663,4800164,6176,2505980,-151,4319624,-28965,2903644,-52680
812,20240917,3849,4262,1666,699,,35946,4582113,5504768,2426570,833093,,50279609,4815741,15577,2509752,3772,4293729,-25895,2970982,67338
813,20240918,4311,4925,1731,833,,44418,4586424,5509693,2428301,833926,,50324027,4798259,-17482,2509753,1,4304935,11206,2981476,10494
814,20240919,4146,4886,1678,748,,37267,4590570,5514579,2429979,834674,,50361294,4804576,6317,2513330,3577,4337499,32564,2987986,6510
815,20240920,4275,5110,1642,805,,40319,4594845,5519689,2431621,835479,,50401613,4815220,10644,2516682,3352,4374123,36624,2988553,567
816,20240921,3217,4037,1411,705,,43308,4598062,5523726,2433032,836184,,50444921,4618398,-196822,2520797,4115,4379528,5405,2985546,-3007
817,20240922,1249,1563,671,199,,13946,4599311,5525289,2433703,836383,,50458867,4620019,1621,2522713,1916,4384941,5413,2978549,-6997
818,20240923,1025,1329,612,141,,11195,4600336,5526618,2434315,836524,,50470062,4622621,2602,2523544,831,4354723,-30218,2926713,-51836
819,20240924,3908,5006,1660,757,,35601,4604244,5531624,2435975,837281,,50505663,4635577,12956,2528465,4921,4336356,-18367,2998132,71419
820,20240925,3947,4907,1800,832,,44729,4608191,5536531,2437775,838113,,50550392,4620736,-14841,2529533,1068,4347630,11274,3084156,86024
821,20240926,4055,4818,1684,693,,40440,4612246,5541349,2439459,838806,,50590832,4626464,5728,2534641,5108,4383895,36265,3090271,6115
822,20240927,3623,4746,1585,765,,39025,4615869,5546095,2441044,839571,,50629857,4636344,9880,2538280,3639,4420651,36756,3096661,6390
823,20240928,3152,3998,1432,665,,42129,4619021,5550093,2442476,840236,,50671986,4659089,22745,2543075,4795,4425336,4685,3097288,627
824,20240929,955,1174,587,154,,10915,4619976,5551267,2443063,840390,,50682901,4643329,-15760,2544407,1332,4429677,4341,3087342,-9946
825,20240930,844,1045,558,122,,5780,4620820,5552312,2443621,840512,,50688681,4649063,5734,2548081,3674,4402542,-27135,3030731,-56611
826,20240930,3886,4452,1798,771,,40734,4624706,5556764,2445419,841283,,50729415,4654380,5317,2552528,4447,4360881,-41661,3094074,63343
827,20241001,3712,4669,1559,652,,39067,4628418,5561433,2446978,841935,,50768482,4728935,74555,2552529,1,4368904,8023,3094819,745
828,20241002,3438,4134,1511,643,,43056,4631856,5565567,2448489,842578,,50811538,4730315,1380,2558533,6004,4398892,29988,3095184,365
829,20241003,3771,4634,1488,635,,35168,4635627,5570201,2449977,843213,,50846706,4670107,-60208,2558547,14,4438546,39654,3087007,-8177
830,20241004,3410,4092,1437,551,,36253,4639037,5574293,2451414,843764,,50882959,4671444,1337,2561437,2890,4442924,4378,3087735,728
831,20241005,982,1219,536,134,,25191,4640019,5575512,2451950,843898,,50908150,4676941,5497,2563096,1659,4442152,-772,3079029,-8706
832,20241006,911,1038,532,139,,10949,4640930,5576550,2452482,844037,,50919099,4693895,16954,2562669,-427,4406712,-35440,3027441,-51588
833,20241007,3063,3900,1363,570,,30888,4643993,5580450,2453845,844607,,50949987,4697522,3627,2566001,3332,4378964,-27748,3089115,61674
834,20241008,3622,4194,1545,627,,36309,4647615,5584644,2455390,845234,,50986296,4685554,-11968,2566035,34,4384974,6010,3089981,866
835,20241009,3439,4281,1422,566,,39014,4651054,5588925,2456812,845800,,51025310,4658338,-27216,2567467,1432,4409770,24796,3090537,556
836,20241010,3335,4192,1476,577,,28180,4654389,5593117,2458288,846377,,51053490,4671685,13347,2569973,2506,4438620,28850,3090421,-116
837,20241011,2940,3592,1236,533,,36850,4657329,5596709,2459524,846910,,51090340,4676348,4663,2573574,3601,4444143,5523,3087036,-3385
838,20241012,982,1211,525,129,,10912,4658311,5597920,2460049,847039,,51101252,4678570,2222,2574956,1382,4442395,-1748,3070287,-16749
839,20241013,793,1097,546,135,,10657,4659104,5599017,2460595,847174,,51111909,4692184,13614,2574942,-14,4414081,-28314,3017026,-53261
840,20241014,3354,4126,1519,629,,28782,4662458,5603143,2462114,847803,,51140691,4693841,1657,2577746,2804,4388471,-25610,3078291,61265
841,20241015,3768,4396,1558,589,,42501,4666226,5607539,2463672,848392,,51183192,4685613,-8228,2577752,6,4396961,8490,3079118,827
842,20241016,3819,4757,1551,712,,35718,4670045,5612296,2465223,849104,,51218910,4690388,4775,2579918,2166,4432920,35959,3081303,2185
843,20241017,3106,4061,1444,666,,38024,4673151,5616357,2466667,849770,,51256934,4697900,7512,2581371,1453,4464261,31341,3081687,384
844,20241018,1175,1234,581,153,,13523,4674326,5617591,2467248,849923,,51270457,4700707,2807,2583570,2199,4468726,4465,3077743,-3944
845,20241019,786,985,503,113,,10174,4675112,5618576,2467751,850036,,51280631,4696282,-4425,2584780,1210,4446472,-22254,3011665,-66078
846,20241020,536,616,413,58,,7107,4675648,5619192,2468164,850094,,51287738,4698054,1772,2584001,-779,4414178,-32294,2953619,-58046
847,20241021,915,1044,530,119,,14047,4676563,5620236,2468694,850213,,51301785,4708777,10723,2584001,0,4383462,-30716,2946411,-7208
848,20241022,3240,3929,1492,552,,28261,4679803,5624165,2470186,850765,,51330046,4702760,-6017,2583678,-323,4356726,-26736,2946067,-344
849,20241023,3650,4107,1489,601,,40186,4683453,5628272,2471675,851366,,51370232,4706330,3570,2585447,1769,4391349,34623,2946439,372
850,20241024,3501,4212,1427,640,,35918,4686954,5632484,2473102,852006,,51406150,4716003,9673,2587614,2167,4425247,33898,2946768,329
851,20241025,3021,3676,1321,608,,33929,4689975,5636160,2474423,852614,,51440079,4717850,1847,2591626,4012,4430529,5282,2940632,-6136
852,20241026,970,1077,521,113,,15100,4690945,5637237,2474944,852727,,51455179,4705144,-12706,2593126,1500,4432161,1632,2928948,-11684
853,20241027,764,958,486,120,,6920,4691709,5638195,2475430,852847,,51462099,4708046,2902,2592490,-636,4401439,-30722,2869642,-59306
854,20241028,3520,4142,1597,602,,34417,4695229,5642337,2477027,853449,,51496516,4723253,15207,2596110,3620,4376164,-25275,2934979,65337
855,20241029,3792,4575,1555,576,,39506,4699021,5646912,2478582,854025,,51536022,4739224,15971,2597538,1428,4381875,5711,2935686,707
856,20241030,3873,4444,1475,623,,36241,4702894,5651356,2480057,854648,,51572263,4733629,-5595,2600194,2656,4417386,35511,2936102,416
857,20241101,3500,4336,1499,685,,38804,4706394,5655692,2481556,855333,,51611067,4809681,76052,2600203,9,4453296,35910,2933826,-2276
858,20241102,2931,3519,1270,593,,32509,4709325,5659211,2482826,855926,,51643576,4806419,-3262,2605325,5122,4453926,630,2931987,-1839
859,20241103,1002,1118,546,120,,25654,4710327,5660329,2483372,856046,,51669230,4742432,-63987,2609686,4361,4463990,10064,2917797,-14190
860,20241104,703,1058,491,109,,11219,4711030,5661387,2483863,856155,,51680449,4744835,2403,2609131,-555,4431815,-32175,2863733,-54064
861,20241105,994,1278,603,169,,20770,4712024,5662665,2484466,856324,,51701219,4753422,8587,2609131,0,4398155,-33660,2863262,-471
862,20241106,3420,3877,1434,640,,39386,4715444,5666542,2485900,856964,,51740605,4758578,5156,2609115,-16,4382563,-15592,2863570,308
863,20241107,3541,4544,1447,636,,37530,4718985,5671086,2487347,857600,,51778135,4761611,3033,2608879,-236,4411231,28668,2860900,-2670
864,20241108,3736,4332,1542,660,,36760,4722721,5675418,2488889,858260,,51814895,4759983,-1628,2610104,1225,4445371,34140,2855894,-5006
865,20241109,3066,3704,1236,510,,34541,4725787,5679122,2490125,858770,,51849436,4762943,2960,2613536,3432,4450763,5392,2853497,-2397
866,20241110,1079,1386,561,147,,14696,4726866,5680508,2490686,858917,,51864132,4756321,-6622,2614973,1437,4454262,3499,2835833,-17664
867,20241111,849,1091,507,106,,11040,4727715,5681599,2491193,859023,,51875172,4759071,2750,2614590,-383,4421770,-32492,2779536,-56297
868,20241112,3568,4225,1420,565,,28377,4731283,5685824,2492613,859588,,51903549,4767716,8645,2617436,2846,4391597,-30173,2841447,61911
869,20241113,3868,4331,1536,622,,38169,4735151,5690155,2494149,860210,,51941718,4770193,2477,2617444,8,4396527,4930,2841999,552
870,20241114,3691,4412,1534,615,,35126,4738842,5694567,2495683,860825,,51976844,4773113,2920,2619343,1899,4426955,30428,2840765,-1234
871,20241115,3723,4470,1499,594,,35788,4742565,5699037,2497182,861419,,52012632,4778422,5309,2620101,758,4457650,30695,2837001,-3764
872,20241116,3277,3924,1369,604,,33891,4745842,5702961,2498551,862023,,52046523,4782584,4162,2621935,1834,4462742,5092,2832682,-4319
873,20241117,559,662,290,60,,14042,4746401,5703623,2498841,862083,,52060565,4780974,-1610,2623191,1256,4466167,3425,2823834,-8848
874,20241118,786,1062,413,142,,11164,4747187,5704685,2499254,862225,,52071729,4784866,3892,2622871,-320,4421819,-44348,2763848,-59986
875,20241119,4068,4498,1552,620,,29970,4751255,5709183,2500806,862845,,52101699,4788346,3480,2625335,2464,4393417,-28402,2836338,72490
876,20241120,4060,4553,1560,633,,44598,4755315,5713736,2502366,863478,,52146297,4794540,6194,2625346,11,4396323,2906,2836758,420
877,20241121,3833,4809,1595,706,,37909,4759148,5718545,2503961,864184,,52184206,4798214,3674,2626185,839,4425906,29583,2839183,2425
878,20241122,3720,4510,1555,685,,36580,4762868,5723055,2505516,864869,,52220786,4801510,3296,2628750,2565,4461742,35836,2848765,9582
879,20241123,3120,4301,1436,663,,35805,4765988,5727356,2506952,865532,,52256591,4805554,4044,2632953,4203,4465521,3779,2849315,550
880,20241124,1002,1143,558,153,,17818,4766990,5728499,2507510,865685,,52274409,4808170,2616,2634511,1558,4469062,3541,2839843,-9472
881,20241125,912,1024,508,120,,6033,4767902,5729523,2508018,865805,,52280442,4809488,1318,2634601,90,4429251,-39811,2785955,-53888
882,20241126,1342,1486,639,209,,13149,4769244,5731009,2508657,866014,,52293591,4810523,1035,2635415,814,4391582,-37669,2792351,6396
883,20241127,3874,4321,1548,677,,38514,4773118,5735330,2510205,866691,,52332105,4812000,1477,2635415,0,4367188,-24394,2794793,2442
884,20241128,3756,4450,1523,664,,39839,4776874,5739780,2511728,867355,,52371944,4822824,10824,2637273,1858,4396497,29309,2795442,649
885,20241129,4019,4553,1550,740,,39811,4780893,5744333,2513278,868095,,52411755,4834050,11226,2639183,1910,4436456,39959,2799960,4518
886,20241130,3130,3984,1393,725,,34926,4784023,5748317,2514671,868820,,52446681,4834884,834,2646094,6911,4441597,5141,2800516,556
887,20241130,935,1366,564,121,,16982,4784958,5749683,2515235,868941,,52463663,4817982,-16902,2647752,1658,4440903,-694,2791881,-8635
888,20241201,998,1141,554,128,,7538,4785956,5750824,2515789,869069,,52471201,4831159,13177,2650407,2655,4407923,-32980,2741108,-50773
889,20241202,3190,4056,1512,587,,36391,4789146,5754880,2517301,869656,,52507592,4911236,80077,2653085,2678,4374177,-33746,2814734,73626
890,20241203,4031,4383,1598,620,,45194,4793177,5759263,2518899,870276,,52552786,4854638,-56598,2654929,1844,4381243,7066,2815767,1033
891,20241204,4079,4819,1678,724,,37589,4797256,5764082,2520577,871000,,52590375,4856435,1797,2650690,-4239,4411746,30503,2822664,6897
892,20241205,4427,5153,1661,723,,39053,4801683,5769235,2522238,871723,,52629428,4859713,3278,2654017,3327,4447329,35583,2823557,893
893,20241206,3334,3867,1393,625,,50267,4805017,5773102,2523631,872348,,52679695,4863175,3462,2657846,3829,4464339,17010,2823921,364
894,20241207,1068,1231,566,138,,17758,4806085,5774333,2524197,872486,,52697453,4853606,-9569,2659459,1613,4471070,6731,2822953,-968
895,20241208,892,1249,554,138,,8560,4806977,5775582,2524751,872624,,52706013,4858755,5149,2659317,-142,4438271,-32799,2823343,390
896,20241209,4077,4047,1533,620,,33851,4811054,5779629,2526284,873244,,52739864,4872267,13512,2662555,3238,4412749,-25522,2899356,76013
897,20241210,4175,4768,1634,657,,39005,4815229,5784397,2527918,873901,,52778869,4866008,-6259,2662556,1,4421601,8852,2962879,63523
898,20241211,3877,4846,1557,739,,38850,4819106,5789243,2529475,874640,,52817719,4869100,3092,2665107,2551,4459143,37542,2900991,-61888
899,20241212,4160,4791,1676,622,,36972,4823266,5794034,2531151,875262,,52854691,4878188,9088,2667443,2336,4492641,33498,2903073,2082
900,20241213,3550,4065,1385,579,,32735,4826816,5798099,2532536,875841,,52887426,4880146,1958,2671555,4112,4498570,5929,2903625,552
901,20241214,927,1234,560,138,,17396,4827743,5799333,2533096,875979,,52904822,4875331,-4815,2673092,1537,4504009,5439,2896704,-6921
902,20241215,941,1097,577,130,,5690,4828684,5800430,2533673,876109,,52910512,4878282,2951,2672736,-356,4467351,-36658,2842164,-54540
903,20241216,3868,4242,1551,613,,35459,4832552,5804672,2535224,876722,,52945971,4898884,20602,2675902,3166,4438715,-28636,2916468,74304
904,20241217,3712,4545,1612,705,,42010,4836264,5809217,2536836,877427,,52987981,4884888,-13996,2675911,9,4473343,34628,2921415,4947
905,20241218,4267,4668,1634,730,,39523,4840531,5813885,2538470,878157,,53027504,4888717,3829,2677294,1383,4513246,39903,2927238,5823
906,20241219,4116,4917,1563,668,,36124,4844647,5818802,2540033,878825,,53063628,4898958,10241,2679651,2357,4552451,39205,2927634,396
907,20241220,3302,3711,1318,638,,36294,4847949,5822513,2541351,879463,,53099922,4903054,4096,2683542,3891,4581692,29241,2927773,139
908,20241221,1036,1077,523,126,,13353,4848985,5823590,2541874,879589,,53113275,4901017,-2037,2685108,1566,4587838,6146,2914732,-13041
909,20241222,1032,1145,548,111,,12047,4850017,5824735,2542422,879700,,53125322,4903920,2903,2684790,-318,4562980,-24858,2858577,-56155
910,20241223,3742,4055,1597,686,,31740,4853759,5828790,2544019,880386,,53157062,4910030,6110,2687384,2594,4531769,-31211,2930163,71586
911,20241224,4397,4724,1586,706,,41454,4858156,5833514,2545605,881092,,53198516,4913952,3922,2687385,1,4542339,10570,3000986,70823
912,20241225,3807,4497,1626,750,,38582,4861963,5838011,2547231,881842,,53237098,4918072,4120,2689684,2299,4576811,34472,3003326,2340
913,20241226,3742,4463,1579,713,,39203,4865705,5842474,2548810,882555,,53276301,4915215,-2857,2692658,2974,4617289,40478,3004657,1331
914,20241227,3299,3764,1457,680,,35627,4869004,5846238,2550267,883235,,53311928,4928857,13642,2696808,4150,4622607,5318,3005244,587
915,20241228,1091,1154,540,143,,15751,4870095,5847392,2550807,883378,,53327679,4922824,-6033,2698533,1725,4627747,5140,2991483,-13761
916,20241229,975,1121,564,121,,6775,4871070,5848513,2551371,883499,,53334454,4935638,12814,2701124,2591,4593018,-34729,2939803,-51680
917,20241230,3757,4337,1573,721,,37395,4874827,5852850,2552944,884220,,53371849,4952336,16698,2704364,3240,4563686,-29332,3010680,70877
918,20250101,3676,4476,1562,713,,41818,4878503,5857326,2554506,884933,,53413667,5009340,57004,2704376,12,4577182,13496,3012867,2187
919,20250102,3822,4388,1497,632,,38681,4882325,5861714,2556003,885565,,53452348,5009119,-221,2705442,1066,4600839,23657,3013352,485
920,20250103,3914,4379,1658,678,,42701,4886239,5866093,2557661,886243,,53495049,4945520,-63599,2708438,2996,4638964,38125,3011915,-1437
921,20250104,2962,3506,1340,550,,31103,4889201,5869599,2559001,886793,,53526152,4946743,1223,2713218,4780,4659881,20917,3008751,-3164
922,20250105,1006,1160,569,134,,17439,4890207,5870759,2559570,886927,,53543591,4938720,-8023,2714821,1603,4665295,5414,2996951,-11800
923,20250106,897,1014,551,123,,12241,4891104,5871773,2560121,887050,,53555832,4940736,2016,2714270,-551,4629088,-36207,2941081,-55870
924,20250107,4108,4470,1715,714,,46243,4895212,5876243,2561836,887764,,53602075,4951795,11059,2718031,3761,4612198,-16890,3015360,74279
925,20250108,3826,4488,1506,602,,40281,4899038,5880731,2563342,888366,,53642356,4956050,4255,2718040,9,4618238,6040,3015807,447
926,20250109,3687,4511,1499,693,,37887,4902725,5885242,2564841,889059,,53680243,4958546,2496,2719555,1515,4647213,28975,3016365,558
927,20250110,3536,4462,1526,634,,35902,4906261,5889704,2566367,889693,,53716145,4953257,-5289,2722300,2745,4682468,35255,3016760,395
928,20250111,2785,3598,1242,532,,35098,4909046,5893302,2567609,890225,,53751243,4958592,5335,2726195,3895,4687448,4980,2941207,-75553
929,20250112,889,1125,510,113,,12945,4909935,5894427,2568119,890338,,53764188,4962599,4007,2727392,1197,4690866,3418,2866316,-74891
930,20250113,787,1096,445,103,,10377,4910722,5895523,2568564,890441,,53774565,4966351,3752,2727375,-17,4654666,-36200,2798500,-67816
931,20250114,3404,3938,1431,599,,29148,4914126,5899461,2569995,891040,,53803713,4969890,3539,2729888,2513,4624429,-30237,2786871,-11629
932,20250115,3988,4566,1672,773,,45297,4918114,5904027,2571667,891813,,53849010,4968059,-1831,2729896,8,4368729,-255700,2784977,-1894
933,20250116,3487,4266,1540,623,,38991,4921601,5908293,2573207,892436,,53888001,4972584,4525,2731857,1961,4374476,5747,2774688,-10289
934,20250117,4085,4440,1617,690,,36182,4925686,5912733,2574824,893126,,53924183,4981162,8578,2736217,4360,4375543,1067,2703761,-70927
935,20250118,3210,3716,1413,638,,54521,4928896,5916449,2576237,893764,,53978704,4984761,3599,2740098,3881,4379644,4101,2633997,-69764
936,20250119,1123,1425,583,141,,12673,4930019,5917874,2576820,893905,,53991377,4981091,-3670,2741954,1856,4378969,-675,2560132,-73865
937,20250120,866,1262,549,100,,12151,4930885,5919136,2577369,894005,,54003528,4989067,7976,2743137,1183,4348007,-30962,2494525,-65607
938,20250121,3678,4353,1645,665,,31279,4934563,5923489,2579014,894670,,54034807,4991327,2260,2746688,3551,4382867,34860,2485404,-9121
939,20250122,4008,4695,1626,679,,41411,4938571,5928184,2580640,895349,,54076218,4997273,5946,2746690,2,4391889,9022,2483282,-2122
940,20250123,4086,5114,1732,813,,40376,4942657,5933298,2582372,896162,,54116594,5001095,3822,2747845,1155,4398132,6243,2408218,-75064
941,20250124,3167,4120,1521,691,,34656,4945824,5937418,2583893,896853,,54151250,5002940,1845,2749154,1309,4403946,5814,2336714,-71504
942,20250125,2986,3444,1379,587,,32117,4948810,5940862,2585272,897440,,54183367,5005819,2879,2752698,3544,4403032,-914,2259223,-77491
943,20250126,836,1157,557,159,,20873,4949646,5942019,2585829,897599,,54204240,5000646,-5173,2754341,1643,4399285,-3747,2183362,-75861
944,20250127,862,925,532,106,,10645,4950508,5942944,2586361,897705,,54214885,5008121,7475,2753480,-861,4361124,-38161,2115893,-67469
945,20250128,3123,4158,1533,673,,31888,4953631,5947102,2587894,898378,,54246773,5025022,16901,2756464,2984,4390356,29232,2104591,-11302
946,20250129,3671,4483,1641,683,,43117,4957302,5951585,2589535,899061,,54289890,4999940,-25082,2756472,8,4403467,13111,2101739,-2852
947,20250130,3534,4520,1576,634,,36270,4960836,5956105,2591111,899695,,54326160,5025339,25399,2760542,4070,4409540,6073,2028646,-73093
948,20250131,3798,4424,1615,696,,37979,4964634,5960529,2592726,900391,,54364139,5027062,1723,2760566,24,4408419,-1121,1953544,-75102
949,20250201,2815,3263,1410,636,,35458,4967449,5963792,2594136,901027,,54399597,5097347,70285,2763143,2577,4406087,-2332,1876838,-76706
950,20250202,881,955,531,110,,20494,4968330,5964747,2594667,901137,,54420091,5099708,2361,2770746,7603,4404075,-2012,1799185,-77653
951,20250203,872,1001,570,131,,11941,4969202,5965748,2595237,901268,,54432032,5041958,-57750,2771437,691,4383663,-20412,1731294,-67891
952,20250204,3273,3652,1522,617,,28117,4972475,5969400,2596759,901885,,54460149,5053620,11662,2771907,470,4414782,31119,1721006,-10288
953,20250205,3583,4286,1656,633,,46371,4976058,5973686,2598415,902518,,54506520,5046756,-6864,2774846,2939,4424956,10174,1719050,-1956
954,20250206,3326,4147,1559,644,,50917,4979384,5977833,2599974,903162,,54557437,5049612,2856,2773563,-1283,4433276,8320,1641212,-77838
955,20250207,3213,4686,1497,692,,38365,4982597,5982519,2601471,903854,,54595802,5043372,-6240,2776561,2998,4437224,3948,1563465,-77747
956,20250208,2653,3640,1289,619,,34836,4985250,5986159,2602760,904473,,54630638,5045702,2330,2780372,3811,4437447,223,1484916,-78549
957,20250209,881,1027,517,114,,15762,4986131,5987186,2603277,904587,,54646400,5035695,-10007,2781460,1088,4439592,2145,1407101,-77815
958,20250210,753,908,521,97,,4713,4986884,5988094,2603798,904684,,54651113,5040609,4914,2781051,-409,4407651,-31941,1341427,-65674
959,20250211,3337,3929,1417,590,,33760,4990221,5992023,2605215,905274,,54684873,5057502,16893,2783610,2559,4435178,27527,1331237,-10190
960,20250212,3127,4025,1587,698,,45199,4993348,5996048,2606802,905972,,54730072,5052523,-4979,2783617,7,4444399,9221,1328182,-3055
961,20250213,3338,4258,1490,626,,35509,4996686,6000306,2608292,906598,,54765581,5057322,4799,2785162,1545,4446576,2177,1251764,-76418
962,20250214,3338,4290,1492,653,,35463,5000024,6004596,2609784,907251,,54801044,5056724,-598,2787681,2519,4446845,269,1172286,-79478
963,20250215,2835,3686,1375,657,,33825,5002859,6008282,2611159,907908,,54834869,5063252,6528,2791239,3558,4445991,-854,1097939,-74347
964,20250216,878,1150,570,142,,17651,5003737,6009432,2611729,908050,,54852520,5059695,-3557,2793024,1785,4443522,-2469,1022968,-74971
965,20250217,879,1002,558,116,,6902,5004616,6010434,2612287,908166,,54859422,5064960,5265,2793138,114,4412012,-31510,956651,-66317
966,20250218,3463,3962,1514,600,,35250,5008079,6014396,2613801,908766,,54894672,5072213,7253,2796346,3208,4443849,31837,947347,-9304
967,20250219,3855,4309,1539,620,,40313,5011934,6018705,2615340,909386,,54934985,5072921,708,2796353,7,4455242,11393,945957,-1390
968,20250220,3402,4226,1469,706,,36806,5015336,6022931,2616809,910092,,54971791,5078135,5214,2798307,1954,4454034,-1208,870055,-75902
969,20250221,3558,4277,1489,659,,35563,5018894,6027208,2618298,910751,,55007354,5081634,3499,2801157,2850,4453476,-558,797010,-73045
970,20250222,2514,3161,1267,563,,38273,5021408,6030369,2619565,911314,,55045627,5084972,3338,2804049,2892,4454599,1123,722870,-74140
971,20250223,761,897,522,100,,9227,5022169,6031266,2620087,911414,,55054854,5083987,-985,2805506,1457,4446810,-7789,649045,-73825
972,20250224,749,830,533,96,,9532,5022918,6032096,2620620,911510,,55064386,5091450,7463,2805581,75,4418320,-28490,584431,-64614
973,20250225,1087,1126,632,147,,19997,5024005,6033222,2621252,911657,,55084383,5096887,5437,2805595,14,4414398,-3922,573531,-10900
974,20250226,3159,3997,1495,618,,29886,5027164,6037219,2622747,912275,,55114269,5089967,-6920,2805595,0,4418663,4265,565766,-7765
975,20250227,2892,3729,1446,609,,35316,5030056,6040948,2624193,912884,,55149585,5091793,1826,2806101,506,4413530,-5133,488507,-77259
976,20250228,3485,4438,1556,686,,40388,5033541,6045386,2625749,913570,,55189973,5121548,29755,2808823,2722,4413689,159,413404,-75103
977,20250228,3096,3730,1379,596,,41874,5036637,6049116,2627128,914166,,55231847,5118834,-2714,2812105,3282,4419739,6050,336892,-76512
978,20250228,880,1073,531,136,,9705,5037517,6050189,2627659,914302,,55241552,5101662,-17172,2816475,4370,4422430,2691,336034,-858
979,20250228,1007,1099,573,115,,8386,5038524,6051288,2628232,914417,,55249938,5106105,4443,2816475,0,4393497,-28933,330646,-5388
980,20250301,3454,3883,1625,674,,39048,5041978,6055171,2629857,915091,,55288986,5188965,82860,2818378,1903,4427131,33634,338110,7464
981,20250302,3697,4007,1519,641,,41093,5045675,6059178,2631376,915732,,55330079,5188487,-478,2823091,4713,4437726,10595,338919,809
982,20250303,3829,4659,1560,630,,44122,5049504,6063837,2632936,916362,,55374201,5103122,-85365,2819855,-3236,4446079,8353,339678,759
983,20250304,3378,4346,1498,597,,35811,5052882,6068183,2634434,916959,,55410012,5113503,10381,2822044,2189,4442493,-3586,340833,1155
984,20250305,2969,3718,1355,602,,34000,5055851,6071901,2635789,917561,,55444012,5119204,5701,2825958,3914,4443354,861,340925,92
985,20250306,1035,1406,602,134,,37480,5056886,6073307,2636391,917695,,55481492,5108916,-10288,2827582,1624,4449872,6518,338983,-1942
986,20250307,952,1236,597,128,,9293,5057838,6074543,2636988,917823,,55490785,5113074,4158,2827264,-318,4426838,-23034,333664,-5319
987,20250308,3623,4019,1537,582,,31997,5061461,6078562,2638525,918405,,55522782,5120644,7570,2829837,2573,4454530,27692,339320,5656
988,20250309,3499,4180,1527,629,,45715,5064960,6082742,2640052,919034,,55568497,5118190,-2454,2829845,8,4464262,9732,339370,50
989,20250310,3974,4556,1558,613,,36364,5068934,6087298,2641610,919647,,55604861,5125727,7537,2831258,1413,4468228,3966,338953,-417
990,20250311,3719,4465,1585,697,,38846,5072653,6091763,2643195,920344,,55643707,5121110,-4617,2835202,3944,4465044,-3184,340254,1301
991,20250312,2768,3623,1347,582,,39486,5075421,6095386,2644542,920926,,55683193,5124463,3353,2839358,4156,4463986,-1058,340319,65
992,20250313,919,1196,560,92,,14002,5076340,6096582,2645102,921018,,55697195,5127596,3133,2840655,1297,4462786,-1200,338415,-1904
993,20250314,973,1331,602,125,,6203,5077313,6097913,2645704,921143,,55703398,5129760,2164,2840630,-25,4433652,-29134,334492,-3923
994,20250315,3605,4164,1562,699,,38407,5080918,6102077,2647266,921842,,55741805,5141062,11302,2843824,3194,4465998,32346,341091,6599
995,20250316,3959,4359,1611,680,,42828,5084877,6106436,2648877,922522,,55784633,5131208,-9854,2843831,7,4474784,8786,341966,875
996,20250317,3668,4444,1526,675,,37349,5088545,6110880,2650403,923197,,55821982,5137417,6209,2844556,725,4481070,6286,342091,125
997,20250318,3796,4689,1555,735,,37831,5092341,6115569,2651958,923932,,55859813,5149160,11743,2847556,3000,4478168,-2902,343283,1192
998,20250319,3038,3535,1327,596,,33172,5095379,6119104,2653285,924528,,55892985,5152507,3347,2851593,4037,4483481,5313,343354,71
999,20250320,1002,1126,588,143,,28131,5096381,6120230,2653873,924671,,55921116,5150816,-1691,2853314,1721,4481443,-2038,342369,-985
1000,20250321,959,1085,581,112,,11537,5097340,6121315,2654454,924783,,55932653,5154647,3831,2852653,-661,4453119,-28324,337654,-4715
1001,20250322,3553,4241,1556,708,,31456,5100893,6125556,2656010,925491,,55964109,5162747,8100,2855710,3057,4478296,25177,343415,5761
1002,20250323,3689,4380,1632,661,,42081,5104582,6129936,2657642,926152,,56006190,5161569,-1178,2855718,8,4489706,11410,344004,589
1003,20250324,3532,4359,1528,619,,36713,5108114,6134295,2659170,926771,,56042903,5165204,3635,2856785,1067,4495621,5915,345348,1344
1004,20250325,3928,5073,1675,778,,43176,5112042,6139368,2660845,927549,,56086079,5171414,6210,2860041,3256,4490402,-5219,346502,1154
1005,20250326,3634,4038,1450,671,,36594,5115676,6143406,2662295,928220,,56122673,5174466,3052,2864596,4555,4489346,-1056,346639,137
1006,20250327,927,1126,571,146,,18083,5116603,6144532,2662866,928366,,56140756,5173949,-517,2866135,1539,4487835,-1511,345649,-990
1007,20250328,985,1183,586,124,,6140,5117588,6145715,2663452,928490,,56146896,5178667,4718,2865982,-153,4457168,-30667,341434,-4215
1008,20250329,3957,4492,1666,699,,40973,5121545,6150207,2665118,929189,,56187869,5215254,36587,2872159,6177,4492969,35801,348197,6763
1009,20250330,4150,4959,1691,803,,45128,5125695,6155166,2666809,929992,,56232997,5195208,-20046,2872166,7,4507018,14049,349870,1673
1010,20250401,3632,4438,1569,716,,43928,5129327,6159604,2668378,930708,,56276925,5270501,75293,2870703,-1463,4509157,2139,351125,1255
1011,20250402,3713,4494,1563,700,,39480,5133040,6164098,2669941,931408,,56316405,5234579,-35922,2875358,4655,4515823,6666,352045,920
1012,20250403,3165,4299,1436,666,,44367,5136205,6168397,2671377,932074,,56360772,5209146,-25433,2880542,5184,4525386,9563,352149,104
1013,20250404,941,1193,560,113,,20401,5137146,6169590,2671937,932187,,56381173,5208791,-355,2881741,1199,4533197,7811,351230,-919
1014,20250405,1015,1257,592,155,,22378,5138161,6170847,2672529,932342,,56403551,5216307,7516,2881411,-330,4501674,-31523,346885,-4345
1015,20250406,3468,4270,1544,637,,41210,5141629,6175117,2674073,932979,,56444761,5223769,7462,2884273,2862,4549785,48111,353247,6362
1016,20250407,4229,4887,1743,726,,44770,5145858,6180004,2675816,933705,,56489531,5215037,-8732,2884282,9,4556466,6681,353319,72
1017,20250408,3933,4683,1621,724,,39021,5149791,6184687,2677437,934429,,56528552,5219493,4456,2885794,1512,4562027,5561,355059,1740
1018,20250409,3712,4647,1621,669,,37362,5153503,6189334,2679058,935098,,56565914,5221625,2132,2888444,2650,4564798,2771,355099,40
1019,20250410,3447,3921,1403,609,,34225,5156950,6193255,2680461,935707,,56600139,5228926,7301,2892654,4210,4568054,3256,353679,-1420
1020,20250411,1169,1298,634,152,,27830,5158119,6194553,2681095,935859,,56627969,5226230,-2696,2893918,1264,4568332,278,352567,-1112
1021,20250412,1291,1401,680,166,,13298,5159410,6195954,2681775,936025,,56641267,5230728,4498,2893958,40,4538708,-29624,349587,-2980
1022,20250413,3760,4565,1639,632,,31301,5163170,6200519,2683414,936657,,56672568,5244932,14204,2896994,3036,4573794,35086,357359,7772
1023,20250414,4559,5480,1833,754,,47767,5167729,6205999,2685247,937411,,56720335,5234822,-10110,2897005,11,4613869,40075,363732,6373
1024,20250415,4205,5194,1746,708,,40566,5171934,6211193,2686993,938119,,56760901,5243983,9161,2895586,-1419,4627418,13549,365794,2062
1025,20250416,4288,5307,1746,712,,40346,5176222,6216500,2688739,938831,,56801247,5250417,6434,2898842,3256,4633961,6543,367566,1772
1026,20250417,3480,4114,1497,668,,41626,5179702,6220614,2690236,939499,,56842873,5252927,2510,2902598,3756,4634887,926,367670,104
1027,20250418,1241,1508,660,181,,16272,5180943,6222122,2690896,939680,,56859145,5247576,-5351,2908080,5482,4631389,-3498,366537,-1133
1028,20250419,1089,1568,708,173,,12823,5182032,6223690,2691604,939853,,56871968,5252969,5393,2908081,1,4601206,-30183,361464,-5073
1029,20250420,4127,5123,1802,749,,41327,5186159,6228813,2693406,940602,,56913295,5260067,7098,2909441,1360,4640932,39726,367463,5999
1030,20250421,4078,5002,1661,726,,42979,5190237,6233815,2695067,941328,,56956274,5264458,4391,2911112,1671,4645864,4932,367507,44
1031,20250422,3877,4767,1544,725,,41179,5194114,6238582,2696611,942053,,56997453,5268645,4187,2912887,1775,4648956,3092,369587,2080
1032,20250423,4031,5077,1587,716,,40304,5198145,6243659,2698198,942769,,57037757,5272107,3462,2913278,391,4654121,5165,371210,1623
1033,20250424,3300,4000,1412,655,,51751,5201445,6247659,2699610,943424,,57089508,5277251,5144,2920976,7698,4652635,-1486,371300,90
1034,20250425,1186,1207,572,139,,22061,5202631,6248866,2700182,943563,,57111569,5271761,-5490,2923939,2963,4659179,6544,369310,-1990
1035,20250426,887,1081,579,141,,7324,5203518,6249947,2700761,943704,,57118893,5276852,5091,2924150,211,4627961,-31218,364460,-4850
1036,20250427,3732,4379,1568,700,,37066,5207250,6254326,2702329,944404,,57155959,5285186,8334,2924974,824,4640881,12920,371424,6964
1037,20250428,3828,4799,1543,697,,38723,5211078,6259125,2703872,945101,,57194682,5284821,-365,2927454,2480,4645351,4470,371761,337
1038,20250429,4253,4890,1572,670,,39247,5215331,6264015,2705444,945771,,57233929,5285795,974,2928902,1448,4646836,1485,372851,1090
1039,20250430,3684,4793,1602,750,,34434,5219015,6268808,2707046,946521,,57268363,5323387,37592,2931946,3044,4642987,-3849,373759,908
1040,20250430,3297,4034,1375,671,,31945,5222312,6272842,2708421,947192,,57300308,5321768,-1619,2939622,7676,4643478,491,373850,91
1041,20250501,904,956,497,110,,7072,5223216,6273798,2708918,947302,,57307380,5301944,-19824,2944089,4467,4636158,-7320,370824,-3026
1042,20250502,1045,1281,582,158,,9776,5224261,6275079,2709500,947460,,57317156,5307682,5738,2945010,921,4594389,-41769,366385,-4439
1043,20250503,3797,4631,1605,673,,36994,5228058,6279710,2711105,948133,,57354150,5376606,68924,2946441,1431,4629853,35464,373535,7150
1044,20250504,4281,4909,1596,632,,41296,5232339,6284619,2712701,948765,,57395446,5324719,-51887,2947802,1361,4631246,1393,373596,61
1045,20250505,3647,4870,1556,642,,42032,5235986,6289489,2714257,949407,,57437478,5327326,2607,2940621,-7181,4635824,4578,374098,502
1046,20250506,3753,5068,1640,697,,49262,5239739,6294557,2715897,950104,,57486740,5329110,1784,2947102,6481,4639499,3675,375930,1832
1047,20250507,3782,4419,1473,685,,37970,5243521,6298976,2717370,950789,,57524710,5331684,2574,2951868,4766,4642341,2842,376060,130
1048,20250508,970,1260,590,134,,11138,5244491,6300236,2717960,950923,,57535848,5320896,-10788,2953658,1790,4636809,-5532,375277,-783
1049,20250509,775,1107,523,136,,10434,5245266,6301343,2718483,951059,,57546282,5326066,5170,2953877,219,4605030,-31779,370061,-5216
1050,20250510,3825,4778,1725,683,,40166,5249091,6306121,2720208,951742,,57586448,5335679,9613,2954622,745,4632271,27241,377346,7285
1051,20250511,3831,4965,1660,747,,40806,5252922,6311086,2721868,952489,,57627254,5332202,-3477,2957706,3084,4642201,9930,378241,895
1052,20250512,3548,4833,1583,714,,41536,5256470,6315919,2723451,953203,,57668790,5335646,3444,2956337,-1369,4642430,229,379503,1262
1053,20250513,4131,4791,1603,757,,39288,5260601,6320710,2725054,953960,,57708078,5341704,6058,2960913,4576,4648320,5890,379549,46
1054,20250514,3568,4354,1516,739,,39298,5264169,6325064,2726570,954699,,57747376,5344625,2921,2962903,1990,4649185,865,379364,-185
1055,20250515,1076,1254,580,135,,12816,5265245,6326318,2727150,954834,,57760192,5347655,3030,2967400,4497,4644076,-5109,376753,-2611
1056,20250516,962,1315,572,146,,12499,5266207,6327633,2727722,954980,,57772691,5350570,2915,2967492,92,4613628,-30448,371496,-5257
1057,20250517,3731,4585,1669,691,,38818,5269938,6332218,2729391,955671,,57811509,5361684,11114,2968467,975,4646539,32911,377774,6278
1058,20250518,4256,5261,1738,790,,44642,5274194,6337479,2731129,956461,,57856151,5351505,-10179,2971003,2536,4655398,8859,377825,51
1059,20250519,4366,4826,1666,762,,41654,5278560,6342305,2732795,957223,,57897805,5357418,5913,2973067,2064,4656957,1559,378404,579
1060,20250520,4235,4865,1528,730,,40225,5282795,6347170,2734323,957953,,57938030,5393114,35696,2973385,318,4654298,-2659,379202,798
1061,20250521,3402,4297,1390,706,,36749,5286197,6351467,2735713,958659,,57974779,5396929,3815,2978257,4872,4652009,-2289,379274,72
1062,20250522,1001,1180,548,142,,13489,5287198,6352647,2736261,958801,,57988268,5398239,1310,2986732,8475,4651998,-11,378111,-1163
1063,20250523,932,1137,557,173,,11617,5288130,6353784,2736818,958974,,57999885,5403380,5141,3000909,14177,4613166,-38832,372659,-5452
1064,20250524,3776,5159,1677,775,,44901,5291906,6358943,2738495,959749,,58044786,5408303,4923,3002291,1382,4637035,23869,378925,6266
1065,20250525,4004,5352,1685,817,,45013,5295910,6364295,2740180,960566,,58089799,5405951,-2352,3004984,2693,4646171,9136,378976,51
1066,20250526,3783,5099,1679,767,,40221,5299693,6369394,2741859,961333,,58130020,5412037,6086,3001940,-3044,4650277,4106,379457,481
1067,20250527,3758,4959,1632,781,,46892,5303451,6374353,2743491,962114,,58176912,5422164,10127,3004314,2374,4650449,172,379511,54
1068,20250528,3352,4110,1431,732,,37979,5306803,6378463,2744922,962846,,58214891,5411279,-10885,3010101,5787,4652157,1708,378802,-709
1069,20250529,894,1128,543,168,,14287,5307697,6379591,2745465,963014,,58229178,5416451,5172,3017462,7361,4655164,3007,377569,-1233
1070,20250530,819,1030,483,138,,10961,5308516,6380621,2745948,963152,,58240139,5423529,7078,3017475,13,4623207,-31957,372140,-5429
1071,20250601,3817,4603,1594,646,,41848,5312333,6385224,2747542,963798,,58281987,5527989,104460,3019730,2255,4652955,29748,377918,5778
1072,20250602,3611,4683,1621,719,,45028,5315944,6389907,2749163,964517,,58327015,5517136,-10853,3024142,4412,4669019,16064,378803,885
1073,20250603,3747,4778,1566,722,,47896,5319691,6394685,2750729,965239,,58374911,5426269,-90867,3018175,-5967,4674720,5701,379347,544
1074,20250604,3413,4448,1500,684,,37893,5323104,6399133,2752229,965923,,58412804,5431826,5557,3021517,3342,4674663,-57,381062,1715
1075,20250605,3275,3697,1282,568,,33117,5326379,6402830,2753511,966491,,58445921,5436647,4821,3026221,4704,4665219,-9444,381158,96
1076,20250606,939,1132,545,137,,13138,5327318,6403962,2754056,966628,,58459059,5429423,-7224,3031113,4892,4659079,-6140,380502,-656
1077,20250607,875,1057,542,137,,28697,5328193,6405019,2754598,966765,,58487756,5435066,5643,3031728,615,4638333,-20746,375089,-5413
1078,20250608,3595,4747,1630,749,,45691,5331788,6409766,2756228,967514,,58533447,5442412,7346,3032506,778,4676061,37728,380649,5560
1079,20250609,4187,4968,1722,711,,41573,5335975,6414734,2757950,968225,,58575020,5434490,-7922,3035271,2765,4676964,903,380818,169
1080,20250610,3594,5232,1984,664,,39947,5339569,6419966,2759934,968889,,58614967,5436980,2490,3033551,-1720,4677653,689,380924,106
1081,20250611,3865,5338,2120,772,,41381,5343434,6425304,2762054,969661,,58656348,5442375,5395,3038793,5242,4676081,-1572,379974,-950
1082,20250612,3199,4076,1664,651,,33561,5346633,6429380,2763718,970312,,58689909,5444853,2478,3042778,3985,4678370,2289,376723,-3251
1083,20250613,755,979,536,104,,13335,5347388,6430359,2764254,970416,,58703244,5445810,957,3044495,1717,4672061,-6309,371593,-5130
1084,20250614,949,1072,554,119,,11234,5348337,6431431,2764808,970535,,58714478,5451023,5213,3044497,2,4639062,-32999,365836,-5757
1085,20250615,3765,4953,2098,772,,41218,5352102,6436384,2766906,971307,,58755696,5462518,11495,3045251,754,4668966,29904,370115,4279
1086,20250616,3934,5383,2120,766,,42260,5356036,6441767,2769026,972073,,58797956,5455245,-7273,3047488,2237,4680333,11367,370174,59
1087,20250617,3450,4696,1982,653,,37987,5359486,6446463,2771008,972726,,58835943,5458484,3239,3045043,-2445,4684847,4514,368108,-2066
1088,20250618,3715,5091,2022,714,,37253,5363201,6451554,2773030,973440,,58873196,5466119,7635,3047510,2467,4686821,1974,367309,-799
1089,20250619,2602,4049,1579,651,,37158,5365803,6455603,2774609,974091,,58910354,5468249,2130,3049937,2427,4687140,319,365679,-1630
1090,20250620,691,992,545,88,,15213,5366494,6456595,2775154,974179,,58925567,5467953,-296,3053284,3347,4686091,-1049,361594,-4085
1091,20250621,698,819,471,79,,9880,5367192,6457414,2775625,974258,,58935447,5473339,5386,3053287,3,4660124,-25967,356685,-4909
1092,20250622,2319,3642,1504,550,,30597,5369511,6461056,2777129,974808,,58966044,5481637,8298,3055314,2027,4690217,30093,359639,2954
1093,20250623,1981,3154,1264,472,,29450,5371492,6464210,2778393,975280,,58995494,5480267,-1370,3055327,13,4696230,6013,359677,38
1094,20250624,718,1196,671,168,,20005,5372210,6465406,2779064,975448,,59015499,5480233,-34,3051929,-3398,4688706,-7524,354139,-5538
1095,20250625,359,403,341,31,,14973,5372569,6465809,2779405,975479,,59030472,5472022,-8211,3051925,-4,4656981,-31725,348053,-6086
1096,20250626,482,563,401,58,,11179,5373051,6466372,2779806,975537,,59041651,5475595,3573,3052325,400,4614082,-42899,341043,-7010
1097,20250627,478,616,430,54,,7886,5373529,6466988,2780236,975591,,59049537,5477430,1835,3053401,1076,4567065,-47017,331571,-9472
1098,20250628,618,766,459,83,,3569,5374147,6467754,2780695,975674,,59053106,5481951,4521,3053402,1,4530468,-36597,323933,-7638
1099,20250629,1178,2151,897,284,,23042,5375325,6469905,2781592,975958,,59076148,5500392,18441,3052802,-600,4541522,11054,323745,-188
1100,20250630,1224,2025,982,249,,22174,5376549,6471930,2782574,976207,,59098322,5507488,7096,3053522,720,4543469,1947,323817,72
1101,20250630,854,1515,770,201,,21824,5377403,6473445,2783344,976408,,59120146,5500165,-7323,3053331,-191,4524516,-18953,318814,-5003
1102,20250701,575,715,437,64,,9804,5377978,6474160,2783781,976472,,59129950,5497839,-2326,3053342,11,4503119,-21397,313044,-5770
1103,20250702,1393,2027,1009,322,,24073,5379371,6476187,2784790,976794,,59154023,5627177,129338,3054922,1580,4458230,-44889,306132,-6912
1104,20250703,840,952,568,95,,16594,5380211,6477139,2785358,976889,,59170617,5543922,-83255,3059133,4211,4441676,-16554,300880,-5252
1105,20250704,884,936,576,87,,31520,5381095,6478075,2785934,976976,,59202137,5548699,4777,3059142,9,4422252,-19424,295946,-4934
1106,20250705,2493,3830,1911,562,,33054,5383588,6481905,2787845,977538,,59235191,5556626,7927,3058947,-195,4454224,31972,300027,4081
1107,20250706,2907,4592,1940,541,,44850,5386495,6486497,2789785,978079,,59280041,5518860,-37766,3059225,278,4459817,5593,300086,59
1108,20250707,3450,4720,2132,561,,37785,5389945,6491217,2791917,978640,,59317826,5521459,2599,3057586,-1639,4464425,4608,300448,362
1109,20250708,3653,5033,2123,681,,38433,5393598,6496250,2794040,979321,,59356259,5529561,8102,3062885,5299,4456356,-8069,300501,53
1110,20250709,2960,4078,1782,622,,34227,5396558,6500328,2795822,979943,,59390486,5532470,2909,3067535,4650,4454242,-2114,300300,-201
1111,20250710,1035,1286,644,143,,13555,5397593,6501614,2796466,980086,,59404041,5523599,-8871,3069365,1830,4449309,-4933,298055,-2245
1112,20250711,1071,1264,648,151,,12633,5398664,6502878,2797114,980237,,59416674,5528612,5013,3069396,31,4415257,-34052,292904,-5151
1113,20250712,3321,4594,2091,630,,34703,5401985,6507472,2799205,980867,,59451377,5538580,9968,3069602,206,4444066,28809,298754,5850
1114,20250713,3800,4788,2051,622,,50062,5405785,6512260,2801256,981489,,59501439,5541169,2589,3072190,2588,4449317,5251,299127,373
1115,20250714,3807,4938,2042,637,,40292,5409592,6517198,2803298,982126,,59541731,5544141,2972,3072963,773,4447110,-2207,299944,817
1116,20250715,3755,5034,2140,648,,40245,5413347,6522232,2805438,982774,,59581976,5547828,3687,3073827,864,4438773,-8337,300666,722
1117,20250716,3426,4682,1828,635,,35891,5416773,6526914,2807266,983409,,59617867,5552593,4765,3078824,4997,4432934,-5839,300776,110
1118,20250717,1092,1323,617,130,,16350,5417865,6528237,2807883,983539,,59634217,5552939,346,3083459,4635,4428531,-4403,299883,-893
1119,20250718,1202,1459,687,165,,14415,5419067,6529696,2808570,983704,,59648632,5558683,5744,3083978,519,4396927,-31604,296064,-3819
1120,20250719,3889,5134,2211,654,,37661,5422956,6534830,2810781,984358,,59686293,5564024,5341,3084530,552,4429645,32718,303792,7728
1121,20250720,3920,5568,2302,633,,39376,5426876,6540398,2813083,984991,,59725669,5564390,366,3087820,3290,4432161,2516,303854,62
1122,20250721,3888,5639,2300,643,,38633,5430764,6546037,2815383,985634,,59764302,5567523,3133,3085387,-2433,4438438,6277,303478,-376
1123,20250722,4028,5260,2290,695,,41373,5434792,6551297,2817673,986329,,59805675,5573253,5730,3088493,3106,4432470,-5968,302958,-520
1124,20250723,3473,4675,1851,590,,36838,5438265,6555972,2819524,986919,,59842513,5575988,2735,3093030,4537,4426435,-6035,303060,102
1125,20250724,1216,1695,714,180,,22566,5439481,6557667,2820238,987099,,59865079,5571586,-4402,3098242,5212,4423563,-2872,300289,-2771
1126,20250725,1214,1509,684,171,,7481,5440695,6559176,2820922,987270,,59872560,5568429,-3157,3098253,11,4401410,-22153,295093,-5196
1127,20250726,3723,5150,2262,759,,41529,5444418,6564326,2823184,988029,,59914089,5588684,20255,3099036,783,4428365,26955,301993,6900
1128,20250727,4390,5932,2493,702,,43733,5448808,6570258,2825677,988731,,59957822,5576504,-12180,3101751,2715,4432090,3725,302820,827
1129,20250728,3825,5631,2198,724,,45742,5452633,6575889,2827875,989455,,60003564,5578456,1952,3101463,-288,4437895,5805,304125,1305
1130,20250729,4153,5423,2289,705,,42741,5456786,6581312,2830164,990160,,60046305,5610275,31819,3104507,3044,4441998,4103,304193,68
1131,20250730,3433,4887,1956,710,,41075,5460219,6586199,2832120,990870,,60087380,5608774,-1501,3111868,7361,4444807,2809,298897,-5296
1132,20250731,1126,1454,727,170,,15859,5461345,6587653,2832847,991040,,60103239,5587595,-21179,3116689,4821,4445202,395,299025,128
1133,20250801,1214,1347,704,163,,12431,5462559,6589000,2833551,991203,,60115670,5602645,15050,3119828,3139,4417911,-27291,297077,-1948
1134,20250802,3582,4888,2179,697,,38877,5466141,6593888,2835730,991900,,60154547,5704014,101369,3122519,2691,4457273,39362,304312,7235
1135,20250803,4250,5540,2380,733,,53393,5470391,6599428,2838110,992633,,60207940,5644751,-59263,3125173,2654,4466147,8874,306136,1824
1136,20250804,3991,5590,2286,741,,70121,5474382,6605018,2840396,993374,,60278061,5644483,-268,3118820,-6353,4488858,22711,308839,2703
1137,20250805,4131,5363,2275,715,,42331,5478513,6610381,2842671,994089,,60320392,5632183,-12300,3123387,4567,4492741,3883,309500,661
1138,20250806,3494,4802,1991,670,,39131,5482007,6615183,2844662,994759,,60359523,5635587,3404,3126371,2984,4494699,1958,310010,510
1139,20250807,1117,1372,643,134,,13347,5483124,6616555,2845305,994893,,60372870,5626785,-8802,3130872,4501,4497706,3007,310098,88
1140,20250808,1072,1386,671,162,,11915,5484196,6617941,2845976,995055,,60384785,5632561,5776,3130879,7,4466597,-31109,307806,-2292
1141,20250809,3930,5441,2284,723,,38642,5488126,6623382,2848260,995778,,60423427,5638055,5494,3131398,519,4501925,35328,314588,6782
1142,20250810,4078,5921,2401,676,,48020,5492204,6629303,2850661,996454,,60471447,5634092,-3963,3133612,2214,4513615,11690,317158,2570
1143,20250811,4079,5753,2359,706,,40893,5496283,6635056,2853020,997160,,60512340,5637845,3753,3132735,-877,4525681,12066,322700,5542
1144,20250812,4332,5872,2467,791,,42193,5500615,6640928,2855487,997951,,60554533,5652068,14223,3138829,6094,4560299,34618,329186,6486
1145,20250813,3451,4351,1858,674,,35746,5504066,6645279,2857345,998625,,60590279,5653405,1337,3141789,2960,4592065,31766,334570,5384
1146,20250814,1017,1250,624,101,,11572,5505083,6646529,2857969,998726,,60601851,5651015,-2390,3145262,3473,4596506,4441,335610,1040
1147,20250815,1035,1570,674,163,,12378,5506118,6648099,2858643,998889,,60614229,5657064,6049,3145495,233,4597401,895,336451,841
1148,20250816,3932,5258,2305,612,,40938,5510050,6653357,2860948,999501,,60655167,5668791,11727,3145857,362,4640181,42780,344268,7817
1149,20250817,4238,5406,2290,698,,40862,5514288,6658763,2863238,1000199,,60696029,5659943,-8848,3148299,2442,4664807,24626,349349,5081
1150,20250818,3809,5624,2243,673,,43732,5518097,6664387,2865481,1000872,,60739761,5663581,3638,3151101,2802,4688185,23378,354454,5105
1151,20250819,4316,5754,2211,738,,40642,5522413,6670141,2867692,1001610,,60780403,5673630,10049,3151108,7,4712973,24788,360383,5929
1152,20250820,3454,4706,1871,619,,35537,5525867,6674847,2869563,1002229,,60815940,5678297,4667,3155258,4150,4747690,34717,365332,4949
1153,20250821,1037,1407,711,140,,12355,5526904,6676254,2870274,1002369,,60828295,5675960,-2337,3159933,4675,4750268,2578,365429,97
1154,20250822,1056,1481,711,169,,14247,5527960,6677735,2870985,1002538,,60842542,5681570,5610,3160100,167,4730591,-19677,364605,-824
1155,20250823,3868,5284,2280,764,,38884,5531828,6683019,2873265,1003302,,60881426,5688321,6751,3160714,614,4753220,22629,371924,7319
1156,20250824,3915,5357,2347,647,,38876,5535743,6688376,2875612,1003949,,60920302,5692496,4175,3163206,2492,4754058,838,374484,2560
1157,20250825,4251,5712,2398,697,,40026,5539994,6694088,2878010,1004646,,60960328,5697544,5048,3162601,-605,4371937,-382121,377213,2729
1158,20250826,3842,5177,2337,738,,39824,5543836,6699265,2880347,1005384,,61000152,5725343,27799,3167278,4677,4411334,39397,377290,77
1159,20250827,3740,4905,1968,702,,51610,5547576,6704170,2882315,1006086,,61051762,5727301,1958,3175400,8122,4452564,41230,376790,-500
1160,20250828,1046,1259,651,146,,14307,5548622,6705429,2882966,1006232,,61066069,5719717,-7584,3180826,5426,4453273,709,375141,-1649
1161,20250901,1031,1332,646,144,,12214,5549653,6706761,2883612,1006376,,61078283,5733741,14024,3184030,3204,4415867,-37406,370213,-4928
1162,20250902,3721,5083,2126,711,,42019,5553374,6711844,2885738,1007087,,61120302,5810231,76490,3185870,1840,4383538,-32329,377161,6948
1163,20250903,3965,5402,2315,722,,52830,5557339,6717246,2888053,1007809,,61173132,5757021,-53210,3188416,2546,4388363,4825,377454,293
1164,20250904,4046,5687,2284,712,,49325,5561385,6722933,2890337,1008521,,61222457,5722695,-34326,3180469,-7947,4405187,16824,377780,326
1165,20250905,3915,5024,2130,641,,38466,5565300,6727957,2892467,1009162,,61260923,5725525,2830,3183414,2945,4431083,25896,377826,46
1166,20250906,3409,4853,1975,663,,54410,5568709,6732810,2894442,1009825,,61315333,5728658,3133,3187934,4520,4480773,49690,377199,-627
1167,20250907,1073,1371,671,165,,19328,5569782,6734181,2895113,1009990,,61334661,5718889,-9769,3192887,4953,4481813,1040,375609,-1590
1168,20250908,1127,1270,662,163,,6902,5570909,6735451,2895775,1010153,,61341563,5724502,5613,3192980,93,4441029,-40784,370395,-5214
1169,20250909,3602,5313,2345,747,,42989,5574511,6740764,2898120,1010900,,61384552,5729563,5061,3193749,769,4396892,-44137,375981,5586
1170,20250910,3894,5513,2381,735,,43468,5578405,6746277,2900501,1011635,,61428020,5737832,8269,3196408,2659,4397549,657,376043,62
1171,20250911,4255,5581,2296,765,,41794,5582660,6751858,2902797,1012400,,61469814,5741176,3344,3195779,-629,4397545,-4,376495,452
1172,20250912,4135,5487,2246,791,,42474,5586795,6757345,2905043,1013191,,61512288,5740955,-221,3198977,3198,4437500,39955,377240,745
1173,20250913,3502,4687,1953,657,,34851,5590297,6762032,2906996,1013848,,61547139,5741601,646,3204605,5628,4471273,33773,377337,97
1174,20250914,1005,1294,577,174,,13914,5591302,6763326,2907573,1014022,,61561053,5741966,365,3205501,896,4476555,5282,375472,-1865
1175,20250915,848,1094,546,163,,13539,5592150,6764420,2908119,1014185,,61574592,5748075,6109,3207772,2271,4436772,-39783,369334,-6138
1176,20250916,3806,5367,2266,718,,38888,5595956,6769787,2910385,1014903,,61613480,5761732,13657,3209308,1536,4396675,-40097,375815,6481
1177,20250917,4063,5568,2360,693,,41355,5600019,6775355,2912745,1015596,,61654835,5750294,-11438,3212382,3074,4373764,-22911,375880,65
1178,20250918,4022,5748,2440,763,,43239,5604041,6781103,2915185,1016359,,61698074,5752292,1998,3211771,-611,4382993,9229,375403,-477
1179,20250919,4306,5833,2300,805,,40309,5608347,6786936,2917485,1017164,,61738383,5763577,11285,3215526,3755,4421586,38593,374689,-714
1180,20250920,3228,4622,1899,594,,37765,5611575,6791558,2919384,1017758,,61776148,5767668,4091,3220694,5168,4454516,32930,365845,-8844
1181,20250921,1166,1281,649,184,,15195,5612741,6792839,2920033,1017942,,61791343,5763844,-3824,3225994,5300,4454741,225,363549,-2296
1182,20250922,1092,1268,676,175,,12401,5613833,6794107,2920709,1018117,,61803744,5769609,5765,3226633,639,4424003,-30738,356564,-6985
1183,20250923,3888,5342,2410,811,,43179,5617721,6799449,2923119,1018928,,61846923,5784421,14812,3231127,4494,4387210,-36793,354189,-2375
1184,20250924,4090,5829,2686,832,,44845,5621811,6805278,2925805,1019760,,61891768,5778367,-6054,3231412,285,4393154,5944,351982,-2207
1185,20250925,4020,5795,2480,812,,45330,5625831,6811073,2928285,1020572,,61937098,5783349,4982,3233682,2270,4403320,10166,343239,-8743
1186,20250926,3937,5269,2269,717,,41628,5629768,6816342,2930554,1021289,,61978726,5789397,6048,3237831,4149,4444456,41136,335019,-8220
1187,20250927,3296,4773,2018,738,,38666,5633064,6821115,2932572,1022027,,62017392,5791219,1822,3243373,5542,4480257,35801,325997,-9022
1188,20250928,1137,1437,679,180,,15441,5634201,6822552,2933251,1022207,,62032833,5785547,-5672,3248509,5136,4483296,3039,317975,-8022
1189,20250929,1163,1488,722,181,,14312,5635364,6824040,2933973,1022388,,62047145,5779047,-6500,3249625,1116,4447016,-36280,310658,-7317
1190,20250930,3553,5297,2381,780,,38731,5638917,6829337,2936354,1023168,,62085876,5825496,46449,3254790,5165,4412965,-34051,308539,-2119
1191,20250930,3530,5177,2251,759,,45731,5642447,6834514,2938605,1023927,,62131607,5825199,-297,3257523,2733,4416208,3243,306558,-1981
1192,20251001,3350,4749,2161,766,,41403,5645797,6839263,2940766,1024693,,62173010,5910034,84835,3264080,6557,4424659,8451,298510,-8048
1193,20251002,3360,4888,1949,733,,41272,5649157,6844151,2942715,1025426,,62214282,5922692,12658,3264625,545,4464023,39364,290411,-8099
1194,20251003,1170,1469,703,177,,21051,5650327,6845620,2943418,1025603,,62235333,5922308,-384,3273644,9019,4471232,7209,281760,-8651
1195,20251004,732,1000,538,100,,10348,5651059,6846620,2943956,1025703,,62245681,5892792,-29516,3275133,1489,4474889,3657,273288,-8472
1196,20251005,738,734,514,77,,8440,5651797,6847354,2944470,1025780,,62254121,5800956,-91836,3275248,115,4434753,-40136,266200,-7088
1197,20251006,994,1264,659,133,,29914,5652791,6848618,2945129,1025913,,62284035,5807683,6727,3275735,487,4405697,-29056,264368,-1832
1198,20251007,2920,4024,2027,602,,37692,5655711,6852642,2947156,1026515,,62321727,5807878,195,3275737,2,4370895,-34802,262584,-1784
1199,20251008,3068,4578,1927,661,,39583,5658779,6857220,2949083,1027176,,62361310,5810133,2255,3269808,-5929,4355028,-15867,253584,-9000
1200,20251009,3453,5010,2147,692,,40347,5662232,6862230,2951230,1027868,,62401657,5802987,-7146,3272738,2930,4390816,35788,245839,-7745
1201,20251010,3120,4198,1805,606,,34392,5665352,6866428,2953035,1028474,,62436049,5810588,7601,3279374,6636,4422128,31312,237033,-8806
1202,20251011,935,1255,615,127,,12545,5666287,6867683,2953650,1028601,,62448594,5808602,-1986,3281045,1671,4426785,4657,228656,-8377
1203,20251012,976,1179,647,141,,11600,5667263,6868862,2954297,1028742,,62460194,5814404,5802,3281234,189,4384405,-42380,221068,-7588
1204,20251013,3278,4821,2288,652,26011,35927,5670541,6873683,2956585,1029394,26011,62496121,5821348,6944,3283903,2669,4337454,-46951,218874,-2194
1205,20251014,3344,5033,2248,638,343743,44548,5673885,6878716,2958833,1030032,369754,62540669,5821743,395,3285234,1331,4327139,-10315,216996,-1878
1206,20251015,4124,5396,2357,711,357293,41312,5678009,6884112,2961190,1030743,727047,62581981,5830492,8749,3284122,-1112,4328074,935,208078,-8918
1207,20251016,4025,5049,2291,698,338973,37032,5682034,6889161,2963481,1031441,1066020,62619013,5838084,7592,3280604,-3518,4354188,26114,199149,-8929
1208,20251017,3450,4909,2018,643,285385,39910,5685484,6894070,2965499,1032084,1351405,62658923,5840733,2649,3286755,6151,4393579,39391,189606,-9543
1209,20251018,1036,1257,630,152,64157,12181,5686520,6895327,2966129,1032236,1415562,62671104,5831902,-8831,3288401,1646,4394599,1020,180813,-8793
1210,20251019,925,1155,578,115,56673,10400,5687445,6896482,2966707,1032351,1472235,62681504,5837714,5812,3290028,1627,4353566,-41033,173183,-7630
1211,20251020,3388,4633,2198,669,307741,40786,5690833,6901115,2968905,1033020,1779976,62722290,5846150,8436,3289722,-306,4312727,-40839,171151,-2032
1212,20251021,4097,5569,2444,737,342528,43074,5694930,6906684,2971349,1033757,2122504,62765364,5857797,11647,3292436,2714,4309927,-2800,169335,-1816
1213,20251022,3774,5138,2237,666,359714,43867,5698704,6911822,2973586,1034423,2482218,62809231,5861115,3318,3290121,-2315,4312400,2473,159945,-9390
1214,20251023,3896,4927,2291,626,336411,75002,5702600,6916749,2975877,1035049,2818629,62884233,5858899,-2216,3295771,5650,4344312,31912,152264,-7681
1215,20251024,3260,4439,1840,608,267030,35864,5705860,6921188,2977717,1035657,3085659,62920097,5863630,4731,3297613,1842,4379384,35072,143003,-9261
1216,20251025,841,1037,564,109,60168,12081,5706701,6922225,2978281,1035766,3145827,62932178,5869261,5631,3301854,4241,4379728,344,135025,-7978
1217,20251026,967,1196,574,98,48459,10568,5707668,6923421,2978855,1035864,3194286,62942746,5874588,5327,3301858,4,4342863,-36865,127632,-7393
1218,20251027,3574,5123,2270,708,375119,40362,5711242,6928544,2981125,1036572,3569405,62983108,5883187,8599,3305728,3870,4302651,-40212,125542,-2090
1219,20251028,4137,5467,2413,737,362082,45041,5715379,6934011,2983538,1037309,3931487,63028149,5882342,-845,3305735,7,4299078,-3573,123411,-2131
1220,20251029,3840,5572,2331,681,369527,42415,5719219,6939583,2985869,1037990,4301014,63070564,5909334,26992,3305006,-729,4309944,10866,115855,-7556
1221,20251030,3902,5322,2319,763,389582,43758,5723121,6944905,2988188,1038753,4690596,63114322,5904862,-4472,3310146,5140,4348444,38500,107380,-8475
1222,20251101,2680,3807,1749,558,260204,35255,5725801,6948712,2989937,1039311,4950800,63149577,5997880,93018,3320427,10281,4376315,27871,98426,-8954
1223,20251102,869,1135,618,137,57272,15667,5726670,6949847,2990555,1039448,5008072,63165244,6001692,3812,3323487,3060,4376424,109,88795,-9631
1224,20251103,765,970,574,103,44616,10976,5727435,6950817,2991129,1039551,5052688,63176220,6006111,4419,3323496,9,4340601,-35823,81267,-7528
1225,20251104,1158,1539,708,227,75809,15310,5728593,6952356,2991837,1039778,5128497,63191530,6016302,10191,3323570,74,4293414,-47187,79524,-1743
1226,20251105,3494,4751,2219,644,361593,41143,5732087,6957107,2994056,1040422,5490090,63232673,5964070,-52232,3323572,2,4256471,-36943,77909,-1615
1227,20251106,3807,5209,2309,676,393792,63850,5735894,6962316,2996365,1041098,5883882,63296523,5892608,-71462,3317728,-5844,4276170,19699,68511,-9398
1228,20251107,3942,5119,2275,712,364575,43992,5739836,6967435,2998640,1041810,6248457,63340515,5902214,9606,3320501,2773,4305936,29766,60362,-8149
1229,20251108,2962,4270,1961,596,291215,35312,5742798,6971705,3000601,1042406,6539672,63375827,5903853,1639,3325217,4716,4336556,30620,52840,-7522
1230,20251109,874,1258,616,124,67671,12347,5743672,6972963,3001217,1042530,6607343,63388174,5902016,-1837,3329670,4453,4337319,763,52871,31
1231,20251110,1011,1316,644,163,62977,12102,5744683,6974279,3001861,1042693,6670320,63400276,5907885,5869,3329800,130,4299498,-37821,52888,17
1232,20251111,3387,4937,2398,653,386824,39360,5748070,6979216,3004259,1043346,7057144,63439636,5916389,8504,3330452,652,4256776,-42722,52942,54
1233,20251112,3880,5538,2428,653,337162,39808,5751950,6984754,3006687,1043999,7394306,63479444,5908495,-7894,3333640,3188,4257038,262,52814,-128
1234,20251113,3653,5120,2410,685,366561,39993,5755603,6989874,3009097,1044684,7760867,63519437,5907874,-621,3332306,-1334,4287360,30322,52894,80
1235,20251114,3587,5152,2422,687,365910,43250,5759190,6995026,3011519,1045371,8126777,63562687,5919609,11735,3336043,3737,4326318,38958,52814,-80
1236,20251115,3493,4759,2126,638,305595,36583,5762683,6999785,3013645,1046009,8432372,63599270,5931580,11971,3341092,5049,4363549,37231,52889,75
1237,20251116,1018,1275,658,150,75127,13987,5763701,7001060,3014303,1046159,8507499,63613257,5921279,-10301,3346035,4943,4364303,754,52922,33
1238,20251117,921,1324,618,151,64018,11577,5764622,7002384,3014921,1046310,8571517,63624834,5917689,-3590,3346043,8,4355791,-8512,52939,17
1239,20251118,3272,4899,2450,620,326830,36119,5767894,7007283,3017371,1046930,8898347,63660953,5926839,9150,3349597,3554,4321596,-34195,52995,56
1240,20251119,3808,5501,2591,707,357713,39365,5771702,7012784,3019962,1047637,9256060,63700318,5937244,10405,3349608,11,4323221,1625,52864,-131
1241,20251120,3505,5131,2452,764,366266,53284,5775207,7017915,3022414,1048401,9622326,63753602,5945045,7801,3347272,-2336,4331830,8609,52958,94
1242,20251121,3400,4917,2344,699,405413,37903,5778607,7022832,3024758,1049100,10027739,63791505,5943688,-1357,3350940,3668,4363897,32067,52895,-63
1243,20251122,2620,3996,1855,593,262310,34730,5781227,7026828,3026613,1049693,10290049,63826235,5949470,5782,3354981,4041,4398752,34855,52965,70
1244,20251123,853,1199,660,139,51186,15328,5782080,7028027,3027273,1049832,10341235,63841563,5943573,-5897,3359994,5013,4402888,4136,52998,33
1245,20251124,679,832,510,69,41446,7016,5782759,7028859,3027783,1049901,10382681,63848579,5948663,5090,3360032,38,4367019,-35869,53011,13
1246,20251125,887,1121,608,115,145873,12652,5783646,7029980,3028391,1050016,10528554,63861231,5960362,11699,3360048,16,4320252,-46767,53024,13
1247,20251126,3124,4248,2220,634,314504,36006,5786770,7034228,3030611,1050650,10843058,63897237,5960338,-24,3359954,-94,4279552,-40700,52904,-120
1248,20251127,3103,4686,2310,633,320966,39294,5789873,7038914,3032921,1051283,11164024,63936531,5965761,5423,3358195,-1759,4285379,5827,52986,82
1249,20251128,2989,4337,2178,626,168909,33966,5792862,7043251,3035099,1051909,11332933,63970497,5989123,23362,3361021,2826,4314390,29011,52987,1
1250,20251129,3105,4378,2032,676,258239,39286,5795967,7047629,3037131,1052585,11591172,64009783,5993747,4624,3363520,2499,4352603,38213,53010,23
1251,20251130,720,980,582,131,59295,15054,5796687,7048609,3037713,1052716,11650467,64024837,5975875,-17872,3370599,7079,4354785,2182,53039,29
1252,20251130,797,1064,604,149,60229,12507,5797484,7049673,3038317,1052865,11710696,64037344,5969340,-6535,3370608,9,4316330,-38455,53056,17
1253,20251201,3096,4699,2606,629,362624,37883,5800580,7054372,3040923,1053494,12073320,64075227,6077601,108261,3372940,2332,4273907,-42423,53112,56
1254,20251202,3352,5033,2594,626,341318,41373,5803932,7059405,3043517,1054120,12414638,64116600,6090321,12720,3379232,6292,4286251,12344,53178,66
1255,20251203,3520,5167,2608,664,342429,45199,5807452,7064572,3046125,1054784,12757067,64161799,6097620,7299,3383744,4512,4296580,10329,53214,36
1256,20251204,3792,5100,2642,639,356777,38191,5811244,7069672,3048767,1055423,13113844,64199990,6086472,-11148,3386553,2809,4330626,34046,53048,-166
1257,20251205,2802,4175,2138,612,383429,35855,5814046,7073847,3050905,1056035,13497273,64235845,6001142,-85330,3377332,-9221,4363962,33336,53117,69
1258,20251206,949,1092,687,122,80752,29391,5814995,7074939,3051592,1056157,13578025,64265236,6005904,4762,3382693,5361,4364442,480,53121,4
1259,20251207,952,1263,704,125,63000,12299,5815947,7076202,3052296,1056282,13641025,64277535,6010893,4989,3382931,238,4341716,-22726,53163,42
1260,20251208,3354,5004,2731,644,361873,38109,5819301,7081206,3055027,1056926,14002898,64315644,6021261,10368,3383521,590,4298728,-42988,53215,52
1261,20251209,3625,5003,2782,672,391185,40371,5822926,7086209,3057809,1057598,14394083,64356015,6023569,2308,3386619,3098,4293644,-5084,53055,-160
1262,20251210,3477,5092,2904,651,376948,38285,5826403,7091301,3060713,1058249,14771031,64394300,6006795,-16774,3386354,-265,4295671,2027,53138,83
1263,20251211,3421,4837,2942,640,340664,37179,5829824,7096138,3063655,1058889,15111695,64431479,6011592,4797,3389626,3272,4322945,27274,53071,-67
1264,20251212,2313,3618,2355,508,242751,29267,5832137,7099756,3066010,1059397,15354446,64460746,6013180,1588,3391801,2175,4350721,27776,53141,70
